"georeg","doy","mean_ndvi","se_ndvi","mean_cci","se_cci","mean_pri","se_pri","mean_cire","se_cire","mean_car","se_car","mean_chlcar","se_chlcar","n_per_date"
"NWA",1,0.739460824805018,0.000416390086747594,0.138518596036538,0.000260621914466583,-0.016866707554711,0.000108216406391822,2.41952987907954,0.0028859600457326,3.21278735612878,0.0108654942180258,1.01455395404364,0.00515083762023745,21007
"NWA",9,0.735799295479654,0.000266028759381248,0.129580652322156,0.000144100609059199,-0.0175948296783813,6.47391437376021e-05,2.38137639423155,0.00195512990421969,3.09446873946471,0.0064013006009055,0.916391393558332,0.00235167955394168,40705
"NWA",17,0.743022258337639,0.000236571458211147,0.130245893217442,0.000122676545198841,-0.0254693082047054,7.69410064091043e-05,2.35918541471013,0.00146984022598563,3.82607387515473,0.00816708073942295,0.778086320382063,0.0022561964739581,46546
"NWA",25,0.731899459066999,0.000410470592515847,0.138517099631581,0.000246652427598128,-0.0177103278739479,9.27211402778564e-05,2.29292872142976,0.00270033424683608,3.10585912867172,0.00982354816116217,0.932416968933123,0.00383513026036645,23209
"NWA",33,0.693631643624382,0.000438643341346989,0.108838127642251,0.000231185676785803,-0.0175520784465673,8.98158960665077e-05,2.06451542159738,0.00265096232853095,2.49951865639336,0.0079775271125685,1.01840604155606,0.00444459497247644,20701
"NWA",41,0.683883621643946,0.000440048214100614,0.118459214022237,0.000224405751914166,-0.00825656208518245,9.04305718892273e-05,2.08064267179345,0.00272825409307861,2.02536016752379,0.00809940341205178,1.36462458726148,0.00567234361460066,22025
"NWA",49,0.712972047863725,0.000558900176513276,0.127576720996137,0.000303710514911818,-0.0149922370112734,9.72411280643739e-05,2.22954327962852,0.00359198493725978,2.76049194832942,0.0110526530857144,1.00849249402119,0.00443811988793382,16295
"NWA",57,0.692717800918325,0.000616817341079367,0.120083770554007,0.000313615521477532,-0.0108844802906476,0.000117941292359892,2.09776975971094,0.00393118695373314,2.12201757851441,0.00989197093815793,1.21075193757804,0.00617810735082557,10702
"NWA",65,0.692297357260923,0.000456948141116828,0.12687199834393,0.000227101279390407,-0.00599115001318684,8.66739123493185e-05,2.11834966695994,0.00277279604106635,1.977884281074,0.00763339121189396,1.44394620780444,0.00608157392635935,22007
"NWA",73,0.710034872044651,0.000378263767904182,0.122751506579008,0.00020080375931342,-0.0144407895316902,7.71943633818378e-05,2.23105731129804,0.00239325741689067,2.71004625704816,0.00811881564968043,1.0877228313507,0.0038567736646755,33086
"NWA",81,0.693279203907356,0.000444654635032221,0.117241150310686,0.000210640000773258,-0.01241995576552,8.45148129967494e-05,2.11801191758266,0.00275248464729461,2.33581715435735,0.00813425131847142,1.23057832180756,0.00554340904569697,24383
"NWA",89,0.699265006194041,0.000622709949616829,0.107966228619501,0.000292390641618882,-0.0210756862206865,0.000141182045046247,2.10970651606571,0.00348658603905043,3.22263264369878,0.0182257882000887,0.991012174161493,0.00546957382559841,16687
"NWA",97,0.704768542230737,0.000396308321252478,0.118402275402091,0.00018354365254445,-0.0184594911762349,8.77423415967852e-05,2.15090362267551,0.00238852778344121,2.97545788588903,0.00987523683801555,1.12544162231239,0.00472912222536909,39946
"NWA",105,0.722572614668796,0.000348772478910294,0.126833430431104,0.000174948192860313,-0.0200847406104579,8.29378840032814e-05,2.20524327896733,0.00204591044661781,3.19704958698709,0.0085623085873262,0.971761389666635,0.00382466099326694,39383
"NWA",113,0.733487350677801,0.000326384700194586,0.126342692821417,0.000189901164513234,-0.0263938723839826,7.27024555325763e-05,2.2223538178419,0.00195761515932536,3.78256683558337,0.00915665939679051,0.733486452607866,0.00215674569176202,39232
"NWA",121,0.746566582271063,0.00030155005877731,0.135476823506,0.000190894679961213,-0.0284212361025202,7.97339719090698e-05,2.28703390010673,0.00199384783513963,4.04589386690672,0.00945036942514812,0.677492767043804,0.00205895576906481,33161
"NWA",129,0.733146503888629,0.000323217275844435,0.125104569738148,0.000188123229414922,-0.0273958305781956,7.16575727684084e-05,2.19705207151693,0.00196262183332446,3.67520177448745,0.00889840584988814,0.693881247585347,0.00172229930787924,29344
"NWA",137,0.743686089348634,0.000375214309708943,0.144390740781707,0.000245910322363502,-0.0224063073724822,9.70636198160687e-05,2.2745311544046,0.00232955256915273,3.63123824686509,0.0105279793638519,0.765089361258008,0.00297173959592222,22036
"NWA",145,0.744901391737326,0.000762844763174273,0.128024790557504,0.000513286487876576,-0.0305139246802767,0.000198054774153676,2.30682884728099,0.00483740114524229,4.56242408171164,0.0280894168782098,0.644534659762995,0.00446364948038046,6903
"NWA",153,0.73940598576137,0.000382129460038265,0.130253856819737,0.000249267574497899,-0.0265619149217244,9.85057317033614e-05,2.26021281532186,0.00242567890086653,3.74465965723566,0.0110459592513446,0.716942036878117,0.00252493803058877,20387
"NWA",161,0.73861445362173,0.000338901296684898,0.139272593875061,0.000213571737245852,-0.0206356655839587,8.12531694725296e-05,2.26255960702388,0.00209107107731779,3.27988070557848,0.0086913860627464,0.814840410447629,0.00276863871237229,23375
"NWA",169,0.747577751668197,0.0002899587838055,0.132225459098915,0.000179200692944773,-0.0298760155384239,6.29489402742646e-05,2.29649499493595,0.00189727789648631,4.15950180790476,0.00817389798229532,0.626579780110695,0.00148712229705207,33971
"NWA",177,0.739423272864051,0.00026552800992402,0.132048038720194,0.000162259399311186,-0.025687156574039,5.93407582933238e-05,2.24207625985919,0.00159657325631583,3.59209888325985,0.00678114980670786,0.707748547848764,0.00145457492112314,38480
"NWA",185,0.736430059461761,0.000291971608755514,0.12680411402862,0.000175600709368159,-0.0268544356344583,6.63272765396573e-05,2.2197262140331,0.00178034603205742,3.67769057299003,0.00767770541025645,0.691208808926252,0.00159520187357984,33703
"NWA",193,0.762648734652075,0.00032439175598317,0.132663841855247,0.000177816527690958,-0.0344942426449982,9.1197365819106e-05,2.37198798788396,0.00197919092990051,4.84578440879294,0.0111734777834627,0.584777629599375,0.00190018057643748,28201
"NWA",201,0.711180407925075,0.000398261279748087,0.116409450006902,0.000202520718888136,-0.0216052042923528,0.000124610987484603,2.07948467690749,0.00216668384858376,3.01534969004449,0.0122164803933369,0.943573519707974,0.00415321709091484,21338
"NWA",209,0.716287799819422,0.000289191313921854,0.116162974198187,0.000130964002016264,-0.0228781576858034,8.30339329585464e-05,2.09735359446003,0.00157310778346126,3.29602087268997,0.00902873843756558,0.854680564775378,0.00276863446611355,41301
"NWA",217,0.707697385056176,0.000294893467642207,0.12115190344272,0.000144599249550713,-0.0175949790917139,7.64234054617998e-05,2.07066660827284,0.00164899397428876,2.69698315668151,0.00699533834027685,0.983747592763919,0.00300663476675928,37210
"NWA",225,0.673613591326685,0.000281918103664406,0.120832962414645,0.000112455249442033,-0.0069455670606298,6.66640180777906e-05,1.92296448533225,0.00141518719121697,1.86824867338972,0.00515103383439496,1.37005536363647,0.00411292917131378,42491
"NWA",233,0.691706633908232,0.000362835129684663,0.118228313184212,0.000120754315810682,-0.016270243739379,0.000102159225536071,2.02746933003358,0.00199816727236426,2.85155860997898,0.009803732016314,1.32803479168454,0.00597912329387046,44054
"NWA",241,0.610731121327554,0.000356484054868486,0.116344096148342,0.00012371347433526,0.00550554730605881,6.66618167424112e-05,1.66753369454624,0.00170876612393804,0.890639417104714,0.00427551289906669,2.7079145759784,0.00921146720957026,24897
"NWA",249,0.63742606679835,0.000389062491793531,0.110143007684848,0.000144196473750104,-0.00246948511213157,7.01793804283942e-05,1.73065688777824,0.00186232845119482,1.27384889686091,0.00472429041832021,1.84380892249815,0.00767161226154082,23679
"NWA",257,0.655438101250212,0.000379009016214233,0.117022735409974,0.000153609735558431,-0.00584756802474836,9.62581089929854e-05,1.82899563173937,0.00195365766486783,1.66448852275151,0.0070265568487153,1.76744283300733,0.00773891232630738,28770
"NWA",265,0.684590142034118,0.000360253761429478,0.125354802717935,0.000163537788982387,-0.00836719632852729,7.30117920483055e-05,1.98994943936992,0.00209852141803015,2.00295800346538,0.0066209852784821,1.36246792272422,0.00504942395581383,31940
"NWA",273,0.720432392090589,0.000408181501211265,0.134718175963611,0.000202033259383128,-0.0168737114152357,9.32359741730085e-05,2.21192996449845,0.00253686432799376,3.02412341990431,0.0102983833403541,1.01778832953219,0.00441582440107633,27834
"NWA",281,0.733700721375694,0.000418879348768863,0.13242680688587,0.000230036985557168,-0.0235516346029193,0.000100111345186682,2.23523954076003,0.00258339762662463,3.57373461823474,0.0120066899649854,0.795912509901314,0.00357021411290056,21132
"NWA",289,0.725579060441145,0.000370117529119022,0.135026209152461,0.000208027223725078,-0.0168008642956349,8.06426084593722e-05,2.20698986317173,0.00236196401331205,2.80520566363939,0.00784288467364338,0.926016893848479,0.00324150614102746,21495
"NWA",297,0.741232268260413,0.000396265245349597,0.139877828600574,0.000230338957594057,-0.0218921743970716,0.000106655398714033,2.30399460479938,0.0025127148799437,3.73527347019403,0.0130507528286574,0.796190618828168,0.00338213720732724,22751
"NWA",305,0.741808949261914,0.000280984617497442,0.140169200121923,0.000171632059993701,-0.0215114014581676,7.75518486530244e-05,2.32423438542576,0.00193399738894655,3.51122433765647,0.00797459109312753,0.817774071256143,0.00269146580706257,36182
"NWA",313,0.73681803589907,0.000391341760683415,0.147660995615059,0.000213551932569109,-0.0144170607174846,9.49484231012329e-05,2.36891847699681,0.00251676681065216,3.10243892790971,0.00962356197532124,1.09260284551872,0.00547067004258147,27483
"NWA",321,0.736092431736267,0.000364122395249363,0.141686811723542,0.000211712712012521,-0.0182691217423077,0.000110172432958748,2.30732816897613,0.00239974401333685,3.35641430764845,0.0113592067850724,0.976808446333,0.00473035628360792,26749
"NWA",329,0.747478548865063,0.000321120721452887,0.148215554726145,0.000210954508877659,-0.0198932419289916,8.73854981202877e-05,2.36122563080899,0.00224397214608245,3.60392939087681,0.00948978207699089,0.835563879732931,0.00337104371989451,29666
"NWA",337,0.731683899671858,0.000403306603425675,0.138215504905491,0.000229291520329839,-0.014010602081228,9.83728780077343e-05,2.38482726959578,0.00282534651947429,2.85817806483476,0.00897853739810275,1.08226589852822,0.00441613450977354,23151
"NWA",345,0.748113801710376,0.00034201031414023,0.142270046755108,0.000220301210817499,-0.0239428981392901,8.97241322248071e-05,2.32716209946263,0.00220674698737498,3.82295777122335,0.0101865159455032,0.760268749448086,0.00325883076709914,26748
"NWA",353,0.74045963812613,0.000377951991269679,0.145271535169028,0.000240091123584261,-0.0146514721893163,9.4646639729501e-05,2.42935869680032,0.00271990716161312,3.10602159837053,0.00948615745223922,1.02511474234456,0.00448290155111867,24663
"NWA",361,0.739660426314686,0.000483722802191963,0.13455963314271,0.000309159314298236,-0.0210955134008582,0.0001262145255184,2.34205823579238,0.00342623060667496,3.5030329076492,0.01418463513296,0.860608939284731,0.0048350034655391,14797
"NOA",1,0.745426217296672,0.000277686621025499,0.136230617511906,0.000177673508511,-0.0253667780509299,6.74656871375583e-05,2.31605585443777,0.00207254911815959,3.69411532868018,0.00718769454343977,0.74122775551798,0.00222015044311224,39853
"NOA",9,0.750258113810281,0.000226116672500043,0.122224531741575,0.000139150526643383,-0.0363410527259711,6.51989425550148e-05,2.32398602434302,0.00158537123413737,4.75614072532137,0.00827323156493266,0.588208578725223,0.0014450478962103,58502
"NOA",17,0.756103490984411,0.000257286550199766,0.13683339354896,0.000171869329614246,-0.0309381322388439,7.05312336117244e-05,2.43496096027633,0.00195323774575774,4.34869198107803,0.00795617549950678,0.680170058301325,0.00163958395883298,56386
"NOA",25,0.734838955771022,0.000289597122394537,0.133291653349848,0.000184447730393775,-0.0244203722941128,6.9870698036737e-05,2.25886039037658,0.00195676924269734,3.47825622810846,0.0074086827479872,0.81228405464748,0.00242677740828009,46514
"NOA",33,0.718570434352828,0.000389057378644322,0.122554246717181,0.000267269537381717,-0.0214254903785,9.47752370359488e-05,2.18419701209596,0.00275308068069495,2.99762109729514,0.00786354517801554,0.891230797896256,0.0031756576274551,28621
"NOA",41,0.729453610375112,0.000383850628095293,0.133906330136371,0.000235335456344077,-0.0192408179397331,9.22850337279342e-05,2.2888947946603,0.00264426720094727,3.20735654198207,0.00944166137289278,0.934914711211684,0.00363417443127268,30841
"NOA",49,0.723167260326818,0.000342286719741815,0.133662938400485,0.000203955103447638,-0.0175074561107674,7.16519853805446e-05,2.2521681503152,0.00230641178239677,2.92389215396248,0.00704037098041381,0.961521320947323,0.00305641918438648,38859
"NOA",57,0.70744294144846,0.000293959517046681,0.113080920145507,0.000146341074424283,-0.0233664534582214,5.99318110178609e-05,2.17643213381904,0.00185387512800362,3.05370865827406,0.00647930573945976,0.861076790027803,0.00189329137181965,50913
"NOA",65,0.708846586031732,0.000317946324810468,0.131022313650834,0.000179688221019208,-0.0134051659381152,6.27686432133541e-05,2.20513235973794,0.00208170102213293,2.52237141251535,0.0058038465354769,1.18068209279603,0.00354820611029768,55578
"NOA",73,0.720137236144657,0.000300813952387774,0.131724755945321,0.000173450196811099,-0.0152679206672097,5.98064931827294e-05,2.2764716809741,0.00206774226177051,2.73060598993131,0.00579960313135528,1.04162488394398,0.00272617183831419,52050
"NOA",81,0.699827610280345,0.000351194220601055,0.121238156830786,0.000168981117225483,-0.0158136338901009,7.81300862760791e-05,2.13158630596154,0.00222693057943003,2.60153811652066,0.00751770648401828,1.2041464677031,0.00438039259570375,46057
"NOA",89,0.668818459310452,0.00127237926391177,0.116077963743719,0.000587760754579311,-0.00836297718531872,0.000225517225518638,1.89736366360127,0.00723039865184903,1.71473379525317,0.0169616321032557,1.387825248579,0.0136593834197869,2975
"NOA",97,0.695093756762434,0.000284751255869578,0.114634224684221,0.000142093862214214,-0.017046115678345,5.41626958692062e-05,2.07411011425598,0.00174043325029482,2.50588568080842,0.00543231904929353,1.07230359775356,0.00269979459936732,63014
"NOA",105,0.713744247594066,0.000328002281601066,0.122202422207942,0.000181199477223821,-0.0189420656504923,6.98229736989887e-05,2.17596399699289,0.00207254978092186,2.89058298343694,0.00708278506227655,0.984406189580852,0.00288488998842378,48989
"NOA",113,0.714167027237555,0.000274432675943345,0.120249239154082,0.000153619327250181,-0.0229277711200467,5.00435888995032e-05,2.13902057378808,0.00171655850114003,3.0802966053723,0.00569903101382875,0.851252714826811,0.00194991517091881,67265
"NOA",121,0.730438242176817,0.000290972248204396,0.135661400541064,0.000176828666167067,-0.0210606296195264,6.70588881865601e-05,2.20188971524398,0.00182246345446508,3.17958121707411,0.00679967780043271,0.848186852461235,0.0024152190867792,42472
"NOA",129,0.723223289789382,0.000287859672333921,0.125431852494592,0.000176085010796437,-0.0243771438015825,6.4749904692617e-05,2.13172775089373,0.00178476673555042,3.31931265753703,0.00676278718680956,0.770732294980095,0.00206411040700672,44561
"NOA",137,0.74350406318873,0.000248606516086278,0.142519863503973,0.000160123258639325,-0.0243676894061119,5.92362908667699e-05,2.23793160930843,0.00160120510659599,3.6424256078884,0.00656691489800847,0.725970235815331,0.0017700911891066,49333
"NOA",145,0.723284745606455,0.000810374928178378,0.132808062309452,0.000535456420286422,-0.0191494799107953,0.000203247345959592,2.184062571738,0.00556218649365723,2.92026204010432,0.0205749623695481,0.945877144364972,0.00708409139701708,5623
"NOA",153,0.742363639716768,0.00024254029025037,0.139295449007077,0.000152257288074803,-0.0246777734198622,5.40789683248629e-05,2.24321182439956,0.00156696337934072,3.63212849436475,0.00616865291373425,0.709532982010612,0.00153266755637147,48764
"NOA",161,0.742965466699448,0.000259586332718073,0.13768073996418,0.000167250200439815,-0.02703354752796,5.75258961733955e-05,2.20451177566852,0.00165610933778035,3.82396186999058,0.00710342048807909,0.668972843604355,0.00158723552066164,45268
"NOA",169,0.734996268022507,0.00025155452646733,0.134917641510755,0.000156141859239352,-0.0242120641794667,6.27119449792375e-05,2.18136621132848,0.00158870170129173,3.42305253165807,0.00638760104312171,0.745970307094429,0.00169118609659608,45018
"NOA",177,0.733226433518228,0.000244790153051483,0.12606955891882,0.000139907683003661,-0.0302320210555175,5.09532623415516e-05,2.16270324489362,0.00153413357118718,3.86076800985648,0.00657299248506083,0.64449280557829,0.00113795080647921,59295
"NOA",185,0.714305753767532,0.000249993548385208,0.112432503804622,0.000131068382965301,-0.0300119413823598,4.34055225946719e-05,2.05438704692748,0.00142824956186752,3.40184413033449,0.00524262761662484,0.678213919534133,0.00107892439535666,58165
"NOA",193,0.726492529595997,0.0002881538944452,0.127368155339394,0.000168114568044479,-0.0259134772848675,6.72583467357797e-05,2.10562941037695,0.00170608795238472,3.39294400140103,0.00705918107186504,0.723836228445296,0.00172347314971395,38373
"NOA",201,0.716537531182435,0.000287112000742526,0.124453520872334,0.000156923494873261,-0.0233731582829966,5.85344520295114e-05,2.0766159392825,0.00165156421284865,3.10566529641951,0.00600733168628824,0.78499969936877,0.00187900671406422,43988
"NOA",209,0.714444841914309,0.000247783036335835,0.115838126837554,0.000125651890462851,-0.0279415590821686,4.74725928974699e-05,2.07441500771423,0.00146650064431591,3.50484480413693,0.00561002894245394,0.680920451987984,0.00120406437937603,62070
"NOA",217,0.707614397507496,0.000270634215469934,0.11920142223663,0.000128662981338901,-0.0243371498200805,5.46061725787872e-05,2.04707733551174,0.00150714926252688,3.16012514127498,0.00596278642529703,0.782624654387772,0.00170553997500195,57807
"NOA",225,0.674936741664048,0.000265853978959587,0.096282579792839,0.000103831932070534,-0.0253380322177905,5.15978395699644e-05,1.89924919815883,0.00135083155796198,2.9616302967144,0.00544755284611374,0.763607125995356,0.00138936607852005,64832
"NOA",233,0.673207441759455,0.000255092808508884,0.0982642683995232,0.000105217936441834,-0.0199334549932488,4.6012195359075e-05,1.90475601331992,0.00137878057596532,2.45888999220606,0.00437990551808991,0.902152032150832,0.00153776130242791,61545
"NOA",241,0.67504827564689,0.000294007762502258,0.112340325369157,0.000125096456350291,-0.0155476040054089,5.63280638108141e-05,1.90942468598316,0.0015507064702099,2.31619052698507,0.00514789317946114,1.07788157258742,0.00312499652219835,53716
"NOA",249,0.687788519704175,0.000328601450910261,0.111892254270962,0.000163097028635336,-0.0180750633607935,7.1630151494576e-05,1.95611169704549,0.00191548947336131,2.47976482657073,0.00706809341672734,1.01113035088488,0.00354214865973231,36805
"NOA",257,0.712071324829232,0.000313513939727657,0.123771464659665,0.000143394159135357,-0.0204599189079971,6.90043690336541e-05,2.15254120822118,0.00194803846936837,3.20891665657228,0.00785917070546375,0.916828368761147,0.003197958128804,48358
"NOA",265,0.716534007261946,0.000288624281428232,0.12185253212647,0.00015074676886723,-0.0212360899633237,6.21765408227165e-05,2.13483481161798,0.00177021571950816,3.02545206699373,0.00626713723002666,0.844706696776471,0.00197310545931663,45334
"NOA",273,0.728628979881852,0.000343229785197126,0.133270555866572,0.000184575440412879,-0.0231135236829839,8.784581398556e-05,2.20996724914999,0.00215339285606755,3.49763412530045,0.00997563489926461,0.840883010213083,0.00316687385879343,35833
"NOA",281,0.72992469208732,0.000264031399278328,0.131120427135063,0.000157714111381258,-0.0231863647105299,6.42470749537e-05,2.20786611127466,0.00168261079944115,3.4218853818518,0.00647467209144233,0.771850688294781,0.00186610344207269,48474
"NOA",289,0.73732586623871,0.000260663722331755,0.132873524908089,0.000154842652824511,-0.0259677520722669,6.86582873444963e-05,2.24376203937745,0.00173313658521434,3.68996091997719,0.007317598593012,0.744393848213171,0.0018077034793723,51253
"NOA",297,0.721060310860066,0.000278146305004987,0.134273967844965,0.00016382755248832,-0.0161556721344446,7.6560094911922e-05,2.19149292339908,0.00189852382320957,2.7620833194411,0.00652319542927837,1.03656058769254,0.00337901632071665,42454
"NOA",305,0.72822297168554,0.000283020725578389,0.132116700844543,0.000159251409129117,-0.0189765835703015,7.42467719951815e-05,2.24799769343552,0.0019549000118401,2.99091448915759,0.00661021123929761,0.943327924537974,0.00281327759065958,41170
"NOA",313,0.741289095704568,0.000249751614854493,0.13925815205044,0.000150081642156981,-0.0225544164785398,7.00694989300595e-05,2.29016721622091,0.00173585109004791,3.43045961229167,0.00650700984415593,0.813038357037152,0.00221355088867353,47784
"NOA",321,0.747460158008953,0.000248580115901304,0.141273645558836,0.000152897561082885,-0.0254722807008176,7.39337495584569e-05,2.32901610676005,0.00184661842104703,3.86460522252205,0.00756737995839384,0.769134128049526,0.00247150184666568,51075
"NOA",329,0.756186697757822,0.000220678394022079,0.145072958907533,0.000147782077270355,-0.0282320376415669,7.0442387380315e-05,2.35161860911083,0.00168140814385827,4.20579610962079,0.00722821053475234,0.694040899600195,0.00198565859490022,57236
"NOA",337,0.764396939092778,0.000246377680372818,0.150037427957143,0.000181655485680901,-0.0297540279924562,8.37714594176626e-05,2.41262124050774,0.00193712384438476,4.58193639708735,0.00940723180402464,0.670613123650609,0.00223534077802073,48323
"NOA",345,0.749874676757852,0.000263583710252975,0.142758962010756,0.000178009969462242,-0.0273370105350287,8.15133541344814e-05,2.281769431736,0.0018483734306278,3.90662319996761,0.00809089782757362,0.723718701419558,0.00243614607597665,40158
"NOA",353,0.744223135849504,0.000256511636217617,0.146766621149754,0.000165973391501335,-0.0144255187825884,7.65357073657277e-05,2.42725042581688,0.00213876515835509,3.03660733433559,0.00615005586174726,1.00852815026066,0.00317525823725412,44231
"NOA",361,0.747425105836855,0.000286144997018098,0.143049459396496,0.000190336510857924,-0.022427856593862,8.2892069909591e-05,2.34292336884252,0.00207195506989341,3.52512931855894,0.00785001899411647,0.823299012831886,0.00305400887381341,33455
"CA",1,0.729793967613421,0.000496943170961301,0.133106523036807,0.000305122113915023,-0.0211569766800524,0.00011271884780916,2.185266608077,0.00317295498228282,3.2183190881241,0.0112505310538015,0.825028344504541,0.00452261563189306,13434
"CA",9,0.723470012341558,0.000379116623142364,0.119873679753572,0.000230708420565198,-0.0257000163527046,9.25740769796623e-05,2.16334881363481,0.00241715289800598,3.42905689208887,0.00929728195776944,0.773041636455235,0.00291685584061637,26018
"CA",17,0.724533781319783,0.000366058370606923,0.127824825078535,0.00019803814682077,-0.0208360225552206,8.89515054466037e-05,2.23499705086074,0.00237568158009911,3.14457618424855,0.00919348723050025,0.907119289657202,0.00302396454978216,31805
"CA",25,0.731894347681186,0.000320918185941933,0.131201704562341,0.000193309190719441,-0.0243737742631505,7.13218172934904e-05,2.21917874628852,0.00199990698513312,3.4429247508981,0.00800293728825414,0.781834156823469,0.00236284887468144,37110
"CA",33,0.70101980148388,0.000544382682638848,0.115308374255584,0.000338016358504928,-0.0196976500989104,0.000117382966090111,2.05771961583426,0.00341831636174021,2.65370594171431,0.00949019978528994,0.940563137959244,0.00416324264884683,16109
"CA",41,0.721855619729821,0.000517838625860216,0.12494688318071,0.000274865508241002,-0.0235449072661205,0.000105989436673672,2.2080255052245,0.00314192904456938,3.47759264551782,0.0126185754159423,0.855324806223513,0.00411922472868794,21350
"CA",49,0.712039306190702,0.000477740567683806,0.128397658112041,0.000271473123246468,-0.01559026136181,8.5632451212616e-05,2.16335250668277,0.00301395063155543,2.64259190059435,0.00861985806767982,1.00493722060373,0.00388277781390323,21260
"CA",57,0.709909948406672,0.000444627378247611,0.112032094472082,0.000228241454044079,-0.0252510347262271,9.18376372673237e-05,2.11116942413682,0.00263790355666657,3.06409749968204,0.00901151118110476,0.830823832736293,0.00290006845427525,23150
"CA",65,0.719147102789082,0.000400646620406905,0.121830656214156,0.000213999895518334,-0.0214258988713491,7.4570415224338e-05,2.19502429247709,0.0025745413791791,3.10027952302565,0.00848332523337473,0.86480638448867,0.00257023914076536,31307
"CA",73,0.717225579419993,0.000370909611769802,0.118918447985805,0.000194950449617454,-0.0209623213823379,7.23499227334438e-05,2.16498384580942,0.0023268643580106,2.95818704924738,0.00736176547561664,0.882773230865172,0.00262901112490538,32523
"CA",81,0.710078915532786,0.000397328280889754,0.116556534252869,0.000203493560818628,-0.0218701086481252,7.7454623117959e-05,2.10270999096021,0.00238044849396358,3.00236438119935,0.0086575314297163,0.871124076416606,0.00300284800188258,29912
"CA",89,0.71126729206983,0.000544042398841343,0.101614949982449,0.000240143874495246,-0.0308147579297729,0.00012923546568788,2.04906210860915,0.00297284754490457,3.73257771275893,0.0171181087064541,0.719587217920347,0.00298225659361504,17616
"CA",97,0.71106141795986,0.000313417906922277,0.113055083320775,0.000158777902587677,-0.0237121912381718,7.42510606522306e-05,2.0854520287557,0.00185156193536265,3.16221063026772,0.0086004138393635,0.86530161773094,0.00232803515113591,46879
"CA",105,0.727442093741701,0.000347979219942234,0.114613165140161,0.000189532687752513,-0.029702598828985,8.68064615762131e-05,2.13829871164851,0.00206398025728494,3.80552073894537,0.0108622729987247,0.718702826158854,0.00208921345074933,36521
"CA",113,0.735561108873762,0.000296061648619433,0.122988255402335,0.000168325256128354,-0.0292695469460635,6.54738553084234e-05,2.18251051438364,0.00183378778287538,3.7017891330612,0.00741190746456307,0.700449411733034,0.00168971598786913,44066
"CA",121,0.739560487561082,0.000300459832402861,0.129257969927923,0.000185890234758884,-0.0273063888426601,7.14930711783211e-05,2.1743119029328,0.00198530962769372,3.53196853292452,0.00735356645500328,0.695513655585285,0.00192109837193605,27341
"CA",129,0.732557599350522,0.000266388961942979,0.121600213609222,0.000155875043235373,-0.0280533093165555,6.22670020578124e-05,2.13357950024698,0.00177129476322765,3.47829497200662,0.00642932721012104,0.68421975857391,0.0014831266357227,34165
"CA",137,0.751336808120005,0.000274160322223114,0.142436904736248,0.000173750297321503,-0.0268689241751001,6.99135783277932e-05,2.22076263143658,0.0017564633156728,3.83248980015115,0.00738126232697159,0.655058388287687,0.00164021084649019,31884
"CA",145,0.736488031346161,0.000661482464394591,0.120148188157261,0.000435674899063959,-0.0295440748165043,0.000181708550011441,2.20013033045114,0.00402115047512969,3.9717787688913,0.0225804129699786,0.69127141571891,0.00447397000066255,7633
"CA",153,0.7467954953291,0.000263480848669428,0.130505321211979,0.000159614857234289,-0.0288219022404482,7.87598604934516e-05,2.24339341557304,0.0016685170200592,3.96237277537928,0.00908683456965597,0.666911182385494,0.00182166893365411,35124
"CA",161,0.750490927876163,0.000206550732257912,0.131164402162758,0.000127661671493972,-0.0323915461614649,5.34216898483128e-05,2.20599929476937,0.00127719327232269,4.14319698845968,0.00626309412164828,0.585991451139761,0.000969502105388221,47700
"CA",169,0.735774245597189,0.000234939904961697,0.124065211507415,0.000141738630081121,-0.0293821755064612,5.79064211056896e-05,2.12278080529195,0.00139214385299309,3.61340954443984,0.00606869417532696,0.656804656196487,0.00128023968660639,41928
"CA",177,0.732760175045614,0.000214503119234708,0.124076951133347,0.000130510524409861,-0.028516603562058,5.3899728889863e-05,2.08929554548891,0.00125192395246928,3.49491775026902,0.00529143418139019,0.669603907778632,0.00139619911529433,47225
"CA",185,0.735026974424277,0.000218197605333418,0.119763922991486,0.000133290688489576,-0.0324188660649119,5.62912185822876e-05,2.08746823068429,0.00126997687614981,3.8192833954465,0.00584473462826214,0.60678341466246,0.00105332879811136,47089
"CA",193,0.755000018309668,0.000199869681851414,0.123122962631505,0.000119419285413241,-0.0379467713768674,5.81465430942816e-05,2.21048698668646,0.00122516079706897,4.65902488753745,0.00641745823782019,0.522419742121695,0.000984129781440246,46337
"CA",201,0.726290159101797,0.000219010303936649,0.115556853858157,0.0001199372229169,-0.0302621396113764,7.07363940601977e-05,2.05592245888584,0.00119445216705059,3.6014770921176,0.00695974747692046,0.680905605390714,0.0015843035946043,46750
"CA",209,0.694775891769214,0.00026720606812176,0.118739424360842,0.000116376722388398,-0.0186452186449168,8.19449862990125e-05,1.9250285437069,0.00130667749683483,2.64944046717317,0.00640972788474575,1.0120612366566,0.00324451937521953,49354
"CA",217,0.697249274990853,0.000330925512462416,0.121247657537107,0.000128151873562195,-0.0202926780443575,9.34085491950393e-05,1.94767099767263,0.00154983182218693,2.93312809033103,0.008048482918364,1.04446595554944,0.00493658474066122,42791
"CA",225,0.654120555954974,0.000307574934104319,0.113072916304497,0.000113925151448033,-0.00879197790401455,8.64614845313557e-05,1.75442778203927,0.00134139920135264,1.83548131876902,0.00571440139692588,1.55835978417984,0.00617379920895871,43727
"CA",233,0.644137717276521,0.000351220282067921,0.109638858749732,0.000112518845687591,-0.0103995840050922,8.19079696245869e-05,1.74876534797795,0.00166029935715693,1.9991357818733,0.00636880355215085,1.40852365592625,0.00544678883303756,43916
"CA",241,0.649421470838649,0.000366411733317284,0.117715643412455,0.000146186217780286,-0.00624070170122519,7.93370044771404e-05,1.76142053036352,0.00168855768888866,1.61462412763577,0.00504281099131234,1.45292087363567,0.00568411762397772,27786
"CA",249,0.671601529245492,0.000360051351418844,0.113777092679626,0.000159996030293337,-0.0130649442576157,9.59785782944689e-05,1.84792406613164,0.00175976835306358,2.1080828481964,0.0070852979524189,1.30907050174604,0.00618404827546753,29069
"CA",257,0.649568930160577,0.000413726275076305,0.118008483844795,0.000175426987265885,-0.00432039217640809,9.44301109280134e-05,1.77162426938364,0.00213550376556265,1.51601554480221,0.00638317022801728,1.78940191480953,0.007926159714297,25593
"CA",265,0.661784716145669,0.000378889853152576,0.118141315023672,0.000159373566191902,-0.00806876002999526,9.9517330121896e-05,1.78594900042427,0.00179495886231801,1.70717001379471,0.00682107339201225,1.59167688527295,0.00737954797136724,25079
"CA",273,0.71027175811836,0.000337619723801477,0.128933127442681,0.000162818775071133,-0.0171633561564542,7.98922239385047e-05,2.08512628088799,0.00191325311590841,2.72334180878118,0.00774832948309826,1.01950309947329,0.0035817560867289,35172
"CA",281,0.70948371008227,0.000358525642618067,0.125198572287191,0.00019815867269151,-0.0169927018043796,7.93380653353134e-05,2.04914050261747,0.0020838286081493,2.54282897918988,0.00699658505298361,0.9676472829609,0.00364827195572823,23384
"CA",289,0.714721765449054,0.000385397517705557,0.139203032607319,0.000221168356901416,-0.0135156156080716,0.000117594484813039,2.11492747144211,0.00231144688389664,2.4821327729867,0.00885000741880616,1.23870330240187,0.00656572602105627,23038
"CA",297,0.706553610718033,0.000369360784012903,0.136253397010197,0.000194311916834142,-0.0100322169011939,8.60356699155554e-05,2.07526742108115,0.0021973731554485,2.18664827366333,0.00640620072555112,1.20065727072084,0.00525730217253581,22678
"CA",305,0.706636959697548,0.000304717910987429,0.132619842984168,0.000164833551634601,-0.0111687097241729,9.54983404721931e-05,2.07059477808131,0.00179570490764124,2.34776865669136,0.00762809304186987,1.20503114684236,0.00505756791072159,28962
"CA",313,0.731177183358002,0.000307168311231771,0.138305930409959,0.000160771603681458,-0.0195202237016292,8.48327913318577e-05,2.1964343612267,0.00186086454014788,3.23690108084306,0.00864622388241766,0.88665430542906,0.00339364772994164,32380
"CA",321,0.725303567644249,0.000329887519914004,0.133655234758526,0.000180646724173033,-0.0193764779436055,8.7911929762724e-05,2.20374905271163,0.00223483779334799,3.22627644841361,0.00919692081593911,0.919047270625136,0.00388514292078641,33313
"CA",329,0.719729822362939,0.000305273199469998,0.14340873891187,0.000146940883323848,-0.0130423557075468,9.12256450307897e-05,2.15740289263842,0.00180475364632075,2.66228170201905,0.00749752966218217,1.20469338619511,0.0051807088111667,36850
"CA",337,0.731784725590792,0.000415099165683294,0.141907884173625,0.000275434318446334,-0.0184507759395749,0.000119961183435128,2.19637188019048,0.00281602313668908,3.02981513473524,0.00976543088432058,0.94175225410802,0.00526353449234445,18464
"CA",345,0.734156549098132,0.000380222396956245,0.132224543690892,0.000256383690203697,-0.025186516608632,0.000101062782613256,2.18844254755297,0.00254478036721964,3.59604876043309,0.0105170709530096,0.7344144540021,0.00280158739162566,22616
"CA",353,0.720565012846534,0.000349300026210169,0.134511625574461,0.00020081170281637,-0.0151005926103074,0.000101478285503761,2.18487677941776,0.00221242882002576,2.75103006036021,0.00852308316039524,1.06725334470967,0.00481213567134502,25511
"CA",361,0.745491255462673,0.00043507972637729,0.144066893908386,0.000289171337574917,-0.0224932309772109,0.000106556795501752,2.31921769211258,0.00292671830244291,3.69366571835833,0.0118987452011992,0.782007025771384,0.00362330407440389,19686
"Southern",1,0.72558117373536,0.000398586848938475,0.129929822752108,0.000264674119916001,-0.017747229311612,8.52890500312126e-05,2.3056693696308,0.00324000144003279,3.05176813831622,0.00795764785576279,0.901325976129828,0.00324950651869163,25669
"Southern",9,0.731506083699604,0.000367334281443774,0.135945501933383,0.000228468274843892,-0.0146553466004695,7.68819312730108e-05,2.42010145603623,0.00293245372725786,3.14653677167843,0.00817476810064736,0.993177639051223,0.00386336767525661,33903
"Southern",17,0.725747472960174,0.000317592368629575,0.127729490403802,0.000192227841137812,-0.020200788101379,6.48705858033153e-05,2.31584173046751,0.00224393236520868,3.37191293629849,0.0073347916376033,0.859892122269323,0.00252944985363078,47586
"Southern",25,0.732822053551947,0.000256471766499411,0.130101810025689,0.000166724409167439,-0.0214357714859679,5.93984820107057e-05,2.36678619844323,0.00193951571451598,3.53950771219456,0.00677468100148267,0.841347991392156,0.00205815867494879,66189
"Southern",33,0.725154471474193,0.000348974388779267,0.129005616060786,0.000221381826150452,-0.0195016028917577,7.46943985473343e-05,2.33269303611529,0.00255518421299723,3.36602077487005,0.00833502326526734,0.892810045886431,0.00286892303075658,42536
"Southern",41,0.718625836492698,0.000390102552655517,0.127515218529474,0.000247309650056528,-0.0174812719246579,7.55409358592544e-05,2.28831121595783,0.00285837912657976,3.11234983249449,0.00799430018804296,0.902137343949057,0.00264894418804461,35548
"Southern",49,0.722914475094265,0.000292615975570115,0.119848459745997,0.000183623326698112,-0.0231086979467362,6.10608286574456e-05,2.31550441845615,0.00210035181137841,3.57003801490064,0.00725844191105728,0.796918229775045,0.00185408089342357,58947
"Southern",57,0.70892601041915,0.000425830152083414,0.121478388566896,0.000265129627501895,-0.0154103251562485,9.0011067717472e-05,2.23318247320826,0.00303905214980354,2.79477319845094,0.00855819783056594,1.04001002465041,0.00409007118998378,27882
"Southern",65,0.730226906471996,0.00023552322249113,0.123435260052316,0.000153627715423913,-0.0239991134019637,5.14993653640774e-05,2.33619457381607,0.0017209460916293,3.69807646221804,0.00611617494011173,0.785013354392337,0.00157147766506401,88513
"Southern",73,0.726192383099084,0.000210721594316986,0.116843674758837,0.000133580953044029,-0.025803350974411,4.77517270885715e-05,2.27146536438068,0.0014815659312187,3.73120187177734,0.00577930432948548,0.748715816912835,0.00133035521751321,99866
"Southern",81,0.725347796594055,0.000233241642549072,0.122241623888543,0.000147992816059782,-0.0220130428750697,5.57112278862097e-05,2.25875601200427,0.00169025041464513,3.404659451461,0.00587885942156454,0.83287957275276,0.0019370078152623,74879
"Southern",89,0.739455823554387,0.000342995575323085,0.1235422401632,0.000232510504020833,-0.0261339977722968,8.92893948423574e-05,2.35918264750026,0.00265738379783111,3.89639059081834,0.00966522421154303,0.766002281332943,0.00275589593108688,34245
"Southern",97,0.738583061557597,0.000229891584258798,0.1254416548493,0.000148969195987313,-0.0251673425346896,5.08707142831852e-05,2.32555683672784,0.00173655591262001,3.77991164271366,0.00596638610766435,0.741712005784886,0.00153645847848556,75477
"Southern",105,0.744589354724925,0.000195261709978099,0.125745875631463,0.000129375187350857,-0.0272540662953405,4.43185160653325e-05,2.36669716335315,0.00150578479939934,4.02360905138335,0.00514838036429969,0.69937039410068,0.00119312991910433,103444
"Southern",113,0.74728728524169,0.000178835774078576,0.125058477647545,0.000124358537883937,-0.0298755248145219,4.16838404843548e-05,2.34813653575942,0.00137744378490531,4.18713407505898,0.0048116897880639,0.641155891670125,0.000945975617244808,103982
"Southern",121,0.755176808107272,0.00018529304827968,0.125021661113806,0.000144409719598685,-0.0339772078118429,4.60651682451834e-05,2.38486647860918,0.00145733020683791,4.6823783371777,0.00559051970222209,0.564744991620997,0.000789971028561995,80658
"Southern",129,0.751920333316854,0.000193207494792461,0.117107792450992,0.000146158817352219,-0.0369423991714482,5.59720872116683e-05,2.34002254950371,0.00146621048465669,4.86233180459014,0.00671123588872954,0.552811711911756,0.000831073319864309,81919
"Southern",137,0.754483231934809,0.000199595945658656,0.115177213458143,0.000173645040950316,-0.0400076567368447,6.29869034673268e-05,2.33033485206908,0.00154979446714935,5.14212879609015,0.00696144152165553,0.524600348670339,0.000918923968208285,80778
"Southern",145,0.759178069669886,0.000286245218679747,0.106339905377853,0.000231673273747441,-0.0482847374795779,7.97565138090688e-05,2.34768881156632,0.0021983936684801,5.70594110965103,0.00983965782106135,0.473177824992472,0.00100658722772956,52395
"Southern",153,0.756200915539376,0.000204100083066682,0.105080092082367,0.000190447112110963,-0.0489669201391583,5.6951564104978e-05,2.30022681767614,0.00153168273736172,5.82491095234348,0.00709713267976658,0.443301498965171,0.000600053825352289,94103
"Southern",161,0.746648968111829,0.000234240778763526,0.100735920294785,0.000218419924068435,-0.0474507863515215,6.80559421794163e-05,2.22131996648855,0.00163165185020362,5.39931751037978,0.00740714121128375,0.479166693862188,0.000851739926741674,85202
"Southern",169,0.738706833838794,0.000233989549209574,0.100134516218608,0.000217981525470674,-0.0436298645507509,6.10353533224829e-05,2.1771071501822,0.00161240800067907,4.86684920459293,0.00583835273288447,0.497874381422571,0.000713558954579085,88142
"Southern",177,0.735975820690016,0.000236538569159667,0.0974559248071124,0.000213864200511238,-0.0428272725493339,5.63919315291769e-05,2.15306753123558,0.00159597108979114,4.63147404027613,0.00525869160045886,0.509550789608543,0.000759338883842399,88288
"Southern",185,0.739319329134381,0.000241857257155577,0.0921926604836219,0.000223269346964996,-0.0489649741131817,6.51204225220384e-05,2.16581436613157,0.00160790300917954,5.34267811783983,0.00705487344766379,0.467732506777034,0.000803374067920472,88785
"Southern",193,0.756846899511019,0.000242484909019154,0.0886926669040086,0.000224666368004443,-0.0590275100894154,4.89817823017543e-05,2.25948946155287,0.00168433875548093,6.52475644303651,0.00651607602260182,0.365808749894509,0.000361007594015133,94688
"Southern",201,0.737741122374109,0.000238524005906166,0.0812449275542274,0.000213500346583455,-0.0553542955192237,6.35402772036799e-05,2.13294396856294,0.00155003761856648,5.65021277840488,0.00673316832942626,0.418016373951627,0.000530844877575062,91679
"Southern",209,0.702503211073641,0.000269405151636254,0.0856360271488736,0.000208889914804418,-0.039147613274976,9.394389686777e-05,1.96495981136861,0.00153076798606902,4.15520399210221,0.00835086535767779,0.723666200123857,0.00242638730316758,82267
"Southern",217,0.695426142524165,0.000270165207895461,0.091800215923688,0.000198992096250676,-0.0314123873642138,9.14693471646011e-05,1.95943561296174,0.00156053915115129,3.63295119620299,0.00740570722650455,0.862574164218334,0.00293027857458363,83133
"Southern",225,0.663161076606137,0.000261777898188246,0.0929498299008129,0.000165820480350298,-0.019756278054004,7.99192932081854e-05,1.82456527283624,0.00142902179879466,2.41832594244533,0.00519306884737895,1.2022491492838,0.00364135617704603,82635
"Southern",233,0.629010936220514,0.000253199470259735,0.0957687680972004,0.000157521248643477,-0.0069424954953321,7.8152251047677e-05,1.72053146241105,0.0013978617674667,1.57395456198603,0.00438715381695608,1.87153624709413,0.00558927541522452,67529
"Southern",241,0.629570869224979,0.000327875003111482,0.0922224194889561,0.000190351195845613,-0.0132501304086542,0.00010410213318922,1.72686007650392,0.00164858780517994,1.97812732187759,0.00652402656831568,1.61104534690096,0.00587119115151622,51593
"Southern",249,0.641911431309281,0.000427892222797133,0.0873642700102474,0.000244452704771636,-0.0171484499732001,0.000107666238198215,1.75430033350843,0.00225087240154247,2.03710595526046,0.00672692782713873,1.31581468121583,0.00690813353389616,28157
"Southern",257,0.629108895225152,0.000377982852561321,0.100109579829004,0.000206916772001196,-0.00769182482992831,0.00010661427002445,1.69905378061399,0.00192953106700538,1.58524394608205,0.00624335763280002,1.85641870467465,0.00803693495623268,34402
"Southern",265,0.625722215193994,0.000345151503636971,0.106447234439253,0.000157016594563156,-0.00226494792222556,9.07911993272555e-05,1.68514386306041,0.00180358302937258,1.30248240362998,0.00559260591645361,2.1880637642031,0.00773470793952281,37690
"Southern",273,0.654833295410469,0.000324930317072826,0.104196746803703,0.000187310813700801,-0.0117642865924336,7.36076277200929e-05,1.79804231528677,0.00172179503691798,1.87378237537377,0.00470053265510654,1.35692196789688,0.0046895412652841,47784
"Southern",281,0.684857668363785,0.000339436010218279,0.110960095565981,0.000206465972066369,-0.0166779996080236,7.10934985976821e-05,1.94876600014148,0.0020671566932024,2.47698551884296,0.00624282992287305,1.03254871505384,0.00332392868889565,47204
"Southern",289,0.676668708451147,0.000393685196831692,0.11144486263438,0.000308378573212016,-0.0126667372911579,0.00011315055160161,1.92031752902758,0.0026967301375103,2.11918066535013,0.00626036752802123,1.26486994760831,0.00566776688966499,30575
"Southern",297,0.69800421383143,0.000385248018515169,0.126313882737759,0.000242497140154615,-0.011014519905601,8.68505146670585e-05,2.08806375822801,0.00255525172553362,2.39026186573563,0.00743045234897233,1.18476093886932,0.00463075010426553,33586
"Southern",305,0.70420117205474,0.000382285352410812,0.126301050326678,0.000256547003778745,-0.0130726821198999,0.000102423446031249,2.1287078711767,0.0025445841509573,2.54373494335366,0.00822876433635114,1.17721304617088,0.00517401105948967,30851
"Southern",313,0.708057984664434,0.000412721531327438,0.121068591916208,0.000292644175690871,-0.0199269944212032,0.000104250790130759,2.13875109048234,0.00284729266379161,3.24167566286192,0.0101066599205242,0.995662366582505,0.00480949786903407,35851
"Southern",321,0.701814894407809,0.000392359413348205,0.127237559194561,0.000266002940765954,-0.0129861691882894,9.80442273278154e-05,2.11814523762444,0.0025941391491825,2.57048441284375,0.00806410295145113,1.15301399118625,0.00494520451958108,31445
"Southern",329,0.705598455982064,0.00031161904988925,0.132741103482835,0.000198874696004578,-0.00947950587281971,7.75111018723393e-05,2.21010464135799,0.00221250742583813,2.52946773434999,0.00718380131107771,1.30812989863168,0.00458709350998862,50288
"Southern",337,0.738611572724018,0.000336895800877799,0.143864631377689,0.000247633773450974,-0.017464955019476,7.99431722663282e-05,2.37528838642912,0.0026556927178089,3.34310782096793,0.00768404791477423,0.882577793913506,0.00310843786204724,37360
"Southern",345,0.735357135869961,0.000306426896427651,0.133062591058585,0.000216474896861461,-0.0221493398119375,6.44654246517288e-05,2.3451146960911,0.00246568307772892,3.65898174788627,0.00769158662278957,0.77764762568259,0.00224645286168361,46967
"Southern",353,0.731334565229056,0.000312682134444254,0.133975726316455,0.00020770285973342,-0.0163738926807989,6.61104778510332e-05,2.41585099107606,0.00265096150492363,3.27913413082852,0.0075402414709821,0.933196674838601,0.00277686562380859,47724
"Southern",361,0.739026110468265,0.000321665673188189,0.129588328671467,0.000225105724300948,-0.02529572616761,8.2762217843317e-05,2.4234157563843,0.00259290700089954,4.04603987768321,0.00984392569460175,0.772460419430176,0.00233244181831863,46049
