"georeg","truedate","mean_sif743_corj","se_sif743_corj","mean_sif743j","se_sif743j","mean_sifparj","se_sifparj","mean_sifsparj","se_sifsparj","doymin","ndsif"
"NWA",2019-01-01,0.438565639769738,0.000914739318254195,1.27126811358473,0.00258768787004671,5.44821829356497e-07,1.66170333755523e-09,1.57889083707217e-06,4.75045177336566e-09,1,25283
"NWA",2019-01-17,0.479868209566817,0.00120471256560149,1.39501390215663,0.00340165642384831,6.22326000310077e-07,2.08106123176107e-09,1.80978773577669e-06,5.970456244573e-09,17,20730
"NWA",2019-02-02,0.47716876201041,0.00128579154855528,1.40201063516044,0.00368055843622496,6.16485124272338e-07,2.43272618878537e-09,1.8102642929433e-06,7.05052006674497e-09,33,17144
"NWA",2019-02-18,0.435781017335654,0.000991314658762792,1.27486705143832,0.00284464962211933,5.32526545635913e-07,1.80527373936257e-09,1.55727600617689e-06,5.22736822983155e-09,49,25989
"NWA",2019-03-06,0.443028919554555,0.00118626111872898,1.29296254211743,0.00342553159091541,5.90657793462868e-07,2.29722352935965e-09,1.72572671265081e-06,6.7423907948951e-09,65,21603
"NWA",2019-03-22,0.423078202702181,0.000770930221561712,1.23115992323114,0.00221929667318087,4.76151098988218e-07,1.1475578064349e-09,1.38641944154415e-06,3.33255525525156e-09,81,29247
"NWA",2019-04-07,0.414490008911614,0.000740164563790259,1.2006294671066,0.00213088354276238,4.83715162335711e-07,1.05719617187696e-09,1.40156196381764e-06,3.05032418539148e-09,97,29460
"NWA",2019-04-23,0.411302354660408,0.000744168185953019,1.19074402068925,0.00213532722825802,5.00865460817929e-07,1.15949359032263e-09,1.45027980016836e-06,3.34780831929733e-09,113,29790
"NWA",2019-05-09,0.374378709916089,0.000771651427040715,1.08360895623822,0.00222058885785342,4.68771069716168e-07,1.2713114599671e-09,1.35755903434845e-06,3.69551681599775e-09,129,28282
"NWA",2019-05-25,0.409779677440157,0.000746359077318366,1.18622494161692,0.00214551012169643,6.11206097317536e-07,1.91307849237773e-09,1.77235857340743e-06,5.57057556182153e-09,145,31088
"NWA",2019-06-10,0.38840499632045,0.000752278619037203,1.13978390691371,0.00219896080779041,5.35934584549841e-07,1.46363702452681e-09,1.57231853742796e-06,4.27940112605305e-09,161,28649
"NWA",2019-06-26,0.420299752102865,0.000866163358176836,1.23420189511082,0.0025258081740816,5.83176497881263e-07,1.74747009985591e-09,1.71433973467166e-06,5.16730589149005e-09,177,25583
"NWA",2019-07-12,0.429153447214801,0.000810860776702011,1.26637427356471,0.00238354269482596,6.2657946566041e-07,2.33567967749707e-09,1.84978117235507e-06,6.91408324042552e-09,193,27727
"NWA",2019-07-28,0.424841948889595,0.000611911867615588,1.24690445117533,0.00178449198948526,4.87029650314319e-07,9.64406494373806e-10,1.42933169673064e-06,2.82621354615664e-09,209,32088
"NWA",2019-08-13,0.419017006825238,0.000797100574870466,1.22075736708163,0.00229159213138219,5.21495232085465e-07,1.58542694342343e-09,1.51971214099254e-06,4.59631545929439e-09,225,28882
"NWA",2019-08-29,0.45929523323851,0.000731636780882556,1.32375077841669,0.00208553044582294,5.15300803016702e-07,1.25847870521781e-09,1.48600151976504e-06,3.63475664254785e-09,241,32717
"NWA",2019-09-14,0.502403356987668,0.000677287753398176,1.42585071096074,0.00189336424375886,5.27277400440443e-07,8.57494817669814e-10,1.49685133818066e-06,2.41405329675486e-09,257,34293
"NWA",2019-09-30,0.530467670754166,0.00101618445872183,1.48410179876639,0.00275571355595191,6.510949508242e-07,2.17054993087379e-09,1.82066749408413e-06,5.97874687125602e-09,273,28805
"NWA",2019-10-16,0.562551139929087,0.000950202392425821,1.55892099492426,0.00255447295827394,6.985866476847e-07,1.87345185883462e-09,1.93742713895561e-06,5.18268495412327e-09,289,30720
"NWA",2019-11-01,0.578019988262138,0.0019741217087397,1.57626790868672,0.00519206231624995,7.38521642446984e-07,3.47417434802596e-09,2.02050541473593e-06,9.51075470498338e-09,305,13181
"NWA",2020-01-01,0.459189805109009,0.000818983450233372,1.3209600638096,0.00229834619411379,4.70690956824197e-07,1.13130669945471e-09,1.35522051643091e-06,3.21379727324037e-09,1,32373
"NWA",2020-01-17,0.489718854668178,0.000984984897874684,1.42065648072781,0.00278367220223172,5.56417182175879e-07,1.58775575851127e-09,1.61447731770044e-06,4.55215680578297e-09,17,29759
"NWA",2020-02-02,0.488612527908401,0.000872769320347381,1.43164263839917,0.00249858029947554,5.5952673452304e-07,1.4446623869189e-09,1.63791669391082e-06,4.16673348751241e-09,33,30451
"NWA",2020-02-18,0.438581206567317,0.00105333663636055,1.28779531315726,0.00302461689220734,5.3767455866394e-07,1.68555613402421e-09,1.57810606690507e-06,4.87204647086025e-09,49,26555
"NWA",2020-03-05,0.470695357320446,0.00103441159251296,1.37269139706887,0.00296335932235991,5.50995814989683e-07,1.70646449263494e-09,1.6079323913394e-06,4.96208785567198e-09,65,27725
"NWA",2020-03-21,0.439173233656014,0.000812233651997515,1.28070890575394,0.00234751295715487,4.95941570107405e-07,1.31253908088605e-09,1.44732406238935e-06,3.84483930604119e-09,81,30994
"NWA",2020-04-06,0.44343841274727,0.00104309423314033,1.29301101468131,0.00300898613877439,5.48038518009558e-07,1.80791211089843e-09,1.59719087961728e-06,5.23593070938862e-09,97,23602
"NWA",2020-04-22,0.420814654444458,0.000748463306964745,1.21750084236286,0.00216490371546525,5.9625868476152e-07,1.9498506587362e-09,1.7278952593763e-06,5.70463976683669e-09,113,31483
"NWA",2020-05-08,0.421126774309245,0.000949324698283935,1.21704064895537,0.00273002126680293,5.59492696437142e-07,1.64380583741163e-09,1.61665565405154e-06,4.73378647208234e-09,129,29241
"NWA",2020-05-24,0.423045566971393,0.000847463951696633,1.22429685013587,0.00242694567394067,5.78928560088829e-07,1.78096550328399e-09,1.67641855853545e-06,5.16346593824317e-09,145,29556
"NWA",2020-06-09,0.420148910712821,0.000677133969513149,1.22791815640979,0.00196766440704632,5.40805053799554e-07,1.17821169630957e-09,1.58137807142619e-06,3.44477273033496e-09,161,33569
"NWA",2020-06-25,0.398232116610708,0.000725365312004552,1.16829980974314,0.00212003865080394,5.68268016338901e-07,1.46019534948477e-09,1.66814322238317e-06,4.28861882394305e-09,177,32055
"NWA",2020-07-11,0.421263660036032,0.000710871956916961,1.24105126990186,0.00208007551358692,5.36653249155706e-07,1.30398352968491e-09,1.58048071347608e-06,3.80150087922028e-09,193,30390
"NWA",2020-07-27,0.418754300801068,0.000764183410249675,1.23015336139605,0.00223341470430674,4.7954000169012e-07,1.17325063616974e-09,1.40887467447641e-06,3.44362538033735e-09,209,28809
"NWA",2020-08-12,0.422238408983287,0.000789679237786047,1.23007238201365,0.00227825103701235,4.60482411943886e-07,1.14940541362863e-09,1.34271998139038e-06,3.34927783910483e-09,225,28674
"NWA",2020-08-28,0.42675686951848,0.000932557703151192,1.23533149887534,0.00265848450554115,5.02553441008499e-07,1.85262593094356e-09,1.4521180850781e-06,5.30011890037452e-09,241,24440
"NWA",2020-09-13,0.438483346102923,0.000875511966394184,1.25640439480234,0.0024569654414462,4.81890446848495e-07,1.44465801205087e-09,1.38066734471831e-06,4.11564137399372e-09,257,25574
"NWA",2020-09-29,0.509859944983745,0.000772474776037561,1.43303087065673,0.0021103409742091,5.26112268427414e-07,1.14398997099408e-09,1.47873965393432e-06,3.18537050854789e-09,273,32332
"NWA",2020-10-15,0.600331254066317,0.00114837251311199,1.6649311162457,0.00306309866005313,7.26295041483052e-07,2.20746687487131e-09,2.01516434053957e-06,6.07089526589376e-09,289,24822
"NWA",2020-10-31,0.587896562005793,0.00159815181503317,1.62282779889401,0.00423862983253303,6.64779536845764e-07,2.32066396179823e-09,1.83605124028369e-06,6.2879369886442e-09,305,18750
"NWA",2020-11-16,0.546544711920447,0.00116337325968202,1.52971881085744,0.0031805440337801,6.0139005572215e-07,1.54234507121769e-09,1.68405996179847e-06,4.25783892695409e-09,321,26552
"NWA",2020-12-02,0.547416463748659,0.00118254229357591,1.54163312697998,0.00323271430371484,6.98536538472991e-07,2.18033155440932e-09,1.96783852885509e-06,6.09602099485938e-09,337,23327
"NWA",2020-12-18,0.517045245096265,0.00103629603323957,1.47993814821368,0.00288396683673269,6.18275998286334e-07,1.90702537262348e-09,1.7709993459331e-06,5.46382054360853e-09,353,26160
"NWA",2021-01-01,0.587300206290049,0.00112301068760481,1.68595738983922,0.00312801197750871,6.74894439716351e-07,1.71913464713626e-09,1.94121470705584e-06,4.96579066030507e-09,1,23395
"NWA",2021-01-17,0.550623806663385,0.00261191449188355,1.586010590991,0.00739589731675508,7.18046806150982e-07,5.60987928020377e-09,2.07033574910113e-06,1.62600472159502e-08,17,4628
"NWA",2021-02-02,0.482509402372698,0.00112731607329489,1.42522907696735,0.00325710076930016,5.37860715722626e-07,1.86674156592171e-09,1.58714598486835e-06,5.43115370974636e-09,33,20349
"NWA",2021-02-18,0.475382251747021,0.00173311173490247,1.40352461917023,0.00504679707906388,5.74222428038776e-07,2.97714731116943e-09,1.69481054570034e-06,8.69329880626068e-09,49,9546
"NWA",2021-03-06,0.575993468241234,0.00221564832368134,1.67564549229464,0.00630124820169119,7.11234115268492e-07,4.99325073863144e-09,2.06974171180899e-06,1.44201869551424e-08,65,8806
"NWA",2021-03-22,0.429953048980474,0.00247106668714155,1.25291686850862,0.00713817684001567,5.18593195833036e-07,3.45715021192725e-09,1.51031485731262e-06,9.98927088705042e-09,81,5246
"NWA",2021-04-07,0.407812320977101,0.000994191954139603,1.18941217789201,0.00286521023465495,4.90640491122549e-07,1.71648932991895e-09,1.42991777812684e-06,4.9478371546048e-09,97,23436
"NWA",2021-04-23,0.395234525589641,0.00120792680399401,1.13829352899117,0.00345249260104424,4.69215914497848e-07,1.7112202687085e-09,1.35220900339077e-06,4.93000321003618e-09,113,14541
"NWA",2021-05-09,0.422099005235957,0.00100612906371846,1.22025349070948,0.00287095389373978,6.41579393499129e-07,2.77221956744338e-09,1.85629302386385e-06,8.02117744554384e-09,129,20946
"NWA",2021-05-25,0.419635775587444,0.000787224462662529,1.2202254343721,0.00227584400673509,5.36889470472292e-07,1.3175983068691e-09,1.56222354514808e-06,3.84120020943766e-09,145,27997
"NWA",2021-06-10,0.447958011407942,0.000856439821444926,1.31029743984235,0.00247768894952796,6.15315991628361e-07,1.95066893975356e-09,1.79975823000159e-06,5.70558092838805e-09,161,26252
"NWA",2021-06-26,0.410620985979738,0.000859263106726027,1.20906790861974,0.00250871595402265,5.11634565314453e-07,1.39314670791563e-09,1.50553348510617e-06,4.05762752529184e-09,177,24425
"NWA",2021-07-12,0.422102398292319,0.000810634273253278,1.25122856915774,0.00239256561051943,5.10479653631722e-07,1.38993945292191e-09,1.51274050435457e-06,4.08713784374127e-09,193,23540
"NWA",2021-07-28,0.424981301552705,0.000802101045595929,1.24831036605691,0.00234718057694414,4.93390176563334e-07,1.24345713758057e-09,1.44933204976115e-06,3.63036783161433e-09,209,23247
"NWA",2021-08-13,0.443989956867804,0.000942318247127671,1.29052342332279,0.00271660771763789,5.02925187439692e-07,1.62384609103514e-09,1.46293248948517e-06,4.73674264599255e-09,225,23318
"NWA",2021-08-29,0.502062653480354,0.0010129515240024,1.44975124229222,0.00286350309970051,5.66667657138182e-07,1.59982236330136e-09,1.63550203891533e-06,4.55187032392583e-09,241,23020
"NWA",2021-09-14,0.51821719513977,0.000975315039827897,1.47255446061996,0.00269929236870743,6.221013564598e-07,2.80651130633524e-09,1.76708677463351e-06,7.92852515104787e-09,257,26935
"NWA",2021-09-30,0.533301495760835,0.000740351238117364,1.49264167097428,0.00203769488944043,5.35192443067606e-07,1.07684589276461e-09,1.49882485058796e-06,2.99962886373656e-09,273,32005
"NWA",2021-10-16,0.592087777347978,0.00114003482759173,1.64144374545614,0.00306580878739336,6.68041439330302e-07,2.00723639550608e-09,1.85346885687242e-06,5.51744217802205e-09,289,25483
"NWA",2021-11-01,0.625074039442731,0.00129242877518464,1.73248306001563,0.0034121540233001,7.34375023889112e-07,2.08163321870528e-09,2.03622950716839e-06,5.65589755136563e-09,305,23611
"NWA",2021-11-17,0.532013065681287,0.00106481535410346,1.50456812661257,0.00294505364290854,5.83632103994404e-07,1.61711818201774e-09,1.65001172823312e-06,4.48967430130915e-09,321,23167
"NWA",2021-12-03,0.499783795192566,0.0015527262954379,1.42522922187783,0.00429236373965558,6.06539445510271e-07,2.64444297627829e-09,1.72730953847933e-06,7.36088198107639e-09,337,15665
"NWA",2021-12-19,0.597618834655215,0.00133224930120954,1.69658566073748,0.00362536806402304,6.70556749277653e-07,1.81276273532496e-09,1.90471060057856e-06,5.02130647558962e-09,353,20361
"NOA",2019-01-01,0.430035810172165,0.000814136549797662,1.27430219698349,0.00237335723184467,5.45169055044179e-07,1.33403460215827e-09,1.61612798130337e-06,3.92046581825496e-09,1,36184
"NOA",2019-01-17,0.452395468945142,0.00080387015744666,1.34945477014704,0.00236099100010919,5.65559823991564e-07,1.28155077324954e-09,1.68703153009049e-06,3.78256549354864e-09,17,37093
"NOA",2019-02-02,0.451420640558796,0.00089640584348153,1.35065645048341,0.00265376051461106,5.51778656655666e-07,1.47974082010198e-09,1.6512414532668e-06,4.3925058987159e-09,33,31741
"NOA",2019-02-18,0.431725493347513,0.000788673223217101,1.28906879741445,0.00232512892865424,4.74682208390477e-07,1.09943272175543e-09,1.4168175003084e-06,3.24193189523925e-09,49,38213
"NOA",2019-03-06,0.443275220537897,0.000907443135149191,1.31193985681455,0.00265311842244074,4.91290508434199e-07,1.18535607387898e-09,1.4538913396269e-06,3.47379149235445e-09,65,36727
"NOA",2019-03-22,0.451122563571279,0.000940866111206,1.31501945577848,0.00269510454142586,5.04126876716039e-07,1.309952580187e-09,1.47100275706419e-06,3.79273273032105e-09,81,32956
"NOA",2019-04-07,0.432240152271473,0.000914360090769748,1.24767048891263,0.00261419068204014,5.38787422123403e-07,1.42065320248518e-09,1.55564665708526e-06,4.07922799462822e-09,97,29827
"NOA",2019-04-23,0.466832917710686,0.000788471561253347,1.34052534873541,0.00223551216554245,5.60794416659626e-07,1.30563138712887e-09,1.61058501056983e-06,3.73703964170974e-09,113,38377
"NOA",2019-05-09,0.45237513009628,0.000939551989875535,1.29611756261987,0.00267643894017268,5.82026257181095e-07,1.63230748402124e-09,1.66980365477486e-06,4.69796184048124e-09,129,29040
"NOA",2019-05-25,0.484329010999237,0.000878447652140023,1.38931454429115,0.00250493548689885,5.96860299969633e-07,1.28346802403114e-09,1.7129955588923e-06,3.67613149270372e-09,145,33437
"NOA",2019-06-10,0.478334038428621,0.000809777194607892,1.37824465048342,0.002311370118278,6.05657986199979e-07,1.43584642336994e-09,1.74541525240136e-06,4.09841020922895e-09,161,36294
"NOA",2019-06-26,0.476607298126298,0.000881385153503157,1.37828332898296,0.00252600288620902,5.85696179428662e-07,1.54812005544045e-09,1.6956192214359e-06,4.48142181261134e-09,177,34905
"NOA",2019-07-12,0.483587583951649,0.000823889877360237,1.40717272348172,0.00238178794936989,5.69575179996449e-07,1.17722725968198e-09,1.65846764621892e-06,3.41267848143303e-09,193,37413
"NOA",2019-07-28,0.477291798106565,0.000836796257017143,1.39233197977413,0.00242757192420011,5.67575218615394e-07,1.35589601500294e-09,1.65430827722037e-06,3.90112408181385e-09,209,35288
"NOA",2019-08-13,0.495695325852707,0.00067608084483654,1.4419884295581,0.00194865320390218,5.33602254695852e-07,8.50723618849561e-10,1.55179663682565e-06,2.45058211454051e-09,225,43192
"NOA",2019-08-29,0.512158283403199,0.000654491253818898,1.48134611449677,0.00187465306880502,5.36503530093198e-07,9.03480583479369e-10,1.55117810420929e-06,2.59554980004054e-09,241,45173
"NOA",2019-09-14,0.529553145969622,0.000739549614561871,1.51354397950276,0.00208059744893124,5.30722133603483e-07,8.09082442400154e-10,1.51713937325066e-06,2.28750962736441e-09,257,45335
"NOA",2019-09-30,0.513910273455315,0.000716572968350451,1.46205196576863,0.00200561606733157,5.4337598514441e-07,9.27585486901458e-10,1.54567637243402e-06,2.60922591255876e-09,273,43827
"NOA",2019-10-16,0.509566140651537,0.000699028138661067,1.44191077452394,0.0019499022050667,5.54657050748553e-07,8.77763525612594e-10,1.56977248939695e-06,2.46577968199163e-09,289,44551
"NOA",2019-11-01,0.495410302734098,0.00100066688606689,1.40384232295689,0.00276962252118709,5.5911428525372e-07,1.31471878009534e-09,1.58471135385145e-06,3.66942741426169e-09,305,29248
"NOA",2020-01-01,0.463392578260176,0.00061806513507527,1.37292887449296,0.00180915146783089,5.36074823595221e-07,8.92638061644438e-10,1.58911007809651e-06,2.6271658694594e-09,1,46511
"NOA",2020-01-17,0.468850721624011,0.000667423901096663,1.40516306141178,0.00198521191531974,5.68648725411889e-07,1.05472266729591e-09,1.70331221870625e-06,3.14218551852345e-09,17,42662
"NOA",2020-02-02,0.46473390522788,0.000704420052678253,1.39013875579975,0.00208173878001573,5.11540271562858e-07,9.99489284816307e-10,1.53083394124389e-06,2.97090853775467e-09,33,43178
"NOA",2020-02-18,0.450271322775575,0.000762057773494855,1.34036271912422,0.00223772524335542,4.8516442075802e-07,1.01013960062113e-09,1.44398237368541e-06,2.97236456749773e-09,49,40885
"NOA",2020-03-05,0.438745096640176,0.000901818150710529,1.29902746799527,0.00263526068253448,4.95791666023222e-07,1.18082462741921e-09,1.46889758517653e-06,3.46503350306079e-09,65,34671
"NOA",2020-03-21,0.527355842468393,0.00101270164396142,1.53841947010989,0.00290863095843696,6.31693878219414e-07,1.65696596473686e-09,1.842668293969e-06,4.79943368306963e-09,81,35059
"NOA",2020-04-06,0.492562485344063,0.000857832221155874,1.42546821159961,0.00245330414289035,5.83910752667441e-07,1.31522373118576e-09,1.68996039451031e-06,3.78237625147624e-09,97,39067
"NOA",2020-04-22,0.470366856044671,0.000831324016958427,1.35320275816084,0.00238470209755164,5.86600843194173e-07,1.59362879359879e-09,1.68834203744519e-06,4.57259688998011e-09,113,37908
"NOA",2020-05-08,0.504850272889704,0.000871990381411209,1.4369492695727,0.00245375995110248,6.34037046101568e-07,1.36555508094609e-09,1.80635358526051e-06,3.87669160232456e-09,129,39324
"NOA",2020-05-24,0.482919671345476,0.000860826505016979,1.39021195117527,0.00246245138867597,6.06990416647543e-07,1.3249650872148e-09,1.74633644909067e-06,3.79396370442547e-09,145,32423
"NOA",2020-06-09,0.493978267687806,0.000833178753921149,1.42216190921399,0.00238145721238084,6.639799614638e-07,1.63429519736384e-09,1.91271570854007e-06,4.70547215821689e-09,161,36248
"NOA",2020-06-25,0.48067867032908,0.000776569768245108,1.39065818731451,0.00223345686907513,6.0167259225348e-07,1.23228776432934e-09,1.74248863067175e-06,3.56763384565993e-09,177,41648
"NOA",2020-07-11,0.487543763101634,0.000835524059382463,1.4179120374027,0.0024174828303601,5.65588699360833e-07,1.29613458191683e-09,1.64561395559744e-06,3.75832102398235e-09,193,37909
"NOA",2020-07-27,0.483009486753377,0.000998227313331735,1.40953434379509,0.00288409744719127,5.96204701776816e-07,1.87218225554323e-09,1.7396010336212e-06,5.42360999430516e-09,209,27870
"NOA",2020-08-12,0.519698980784979,0.000854804489357167,1.5051260426217,0.00244499303792964,5.46111382102433e-07,1.20515911111874e-09,1.58278456663537e-06,3.48667494338708e-09,225,36036
"NOA",2020-08-28,0.51007065582534,0.000837544725690224,1.47398459964567,0.00238383656487531,5.35577658911051e-07,1.04587326368095e-09,1.54877606657017e-06,3.00975846369367e-09,241,39727
"NOA",2020-09-13,0.53407455335618,0.000836941497947038,1.53183932113725,0.00235558050266873,5.42185547253187e-07,9.46613184852003e-10,1.55377272847836e-06,2.66574699103376e-09,257,38851
"NOA",2020-09-29,0.541001697394264,0.000745752641578984,1.54087691835598,0.00208526334894413,5.48230593508686e-07,8.88016783738755e-10,1.56093202329281e-06,2.49794568082083e-09,273,40456
"NOA",2020-10-15,0.567747085221991,0.000741360484595373,1.61115232659217,0.00206314535606379,6.05754903827744e-07,9.98249260996119e-10,1.71881656526302e-06,2.80549267565597e-09,289,40556
"NOA",2020-10-31,0.567009960788753,0.000838613965509053,1.61198124164861,0.00233580133009575,6.4231293632986e-07,1.27585400630429e-09,1.82627838640095e-06,3.59912319134091e-09,305,36625
"NOA",2020-11-16,0.550263845130197,0.000906111455997899,1.56987998017352,0.00253362243344742,6.50958580103595e-07,1.32480248078754e-09,1.85875209064393e-06,3.75085400954321e-09,321,38272
"NOA",2020-12-02,0.500984613246745,0.000808448201399675,1.45132838322624,0.00230165718677682,5.90676698955843e-07,1.1820773638623e-09,1.7120077507226e-06,3.40284504763768e-09,337,38425
"NOA",2020-12-18,0.495563624093684,0.000991376206096308,1.45231829668515,0.00285036351862045,6.08550113813513e-07,1.56700105363661e-09,1.78505660051437e-06,4.56520795904103e-09,353,29313
"NOA",2021-01-01,0.501290789889563,0.000996089225703416,1.48965965194912,0.00290118122277079,6.39557949340912e-07,1.72909853644639e-09,1.90113126137562e-06,5.10198607603448e-09,1,25324
"NOA",2021-01-17,0.581414364495379,0.00231033987760871,1.71544995126451,0.00672134822629262,7.00058885581446e-07,3.79613139541034e-09,2.06813046355333e-06,1.13265535880644e-08,17,6496
"NOA",2021-02-02,0.491619568365827,0.00103350893225603,1.47021043010064,0.00304890548050822,5.78872735455731e-07,1.73449004497179e-09,1.73125657011224e-06,5.1586053219094e-09,33,27416
"NOA",2021-02-18,0.507209778149758,0.00152375875935264,1.51015911882706,0.0044614402615791,5.3921204448142e-07,1.91209378879671e-09,1.6052158489727e-06,5.61589488409135e-09,49,14173
"NOA",2021-03-06,0.567471763619583,0.00126413804464833,1.67165450227002,0.00364983737301314,6.45415073417083e-07,1.82231965311538e-09,1.90188842722895e-06,5.31476622059083e-09,65,25375
"NOA",2021-03-22,0.461814704891394,0.00140346572565961,1.35088853992732,0.00404943027988032,5.30530791072585e-07,1.91047616994892e-09,1.5515693338397e-06,5.52258097859176e-09,81,15980
"NOA",2021-04-07,0.482404825238103,0.00153915716374416,1.39066792734769,0.00436266492737432,5.18487425424236e-07,1.78606375719042e-09,1.49546906313149e-06,5.08621068430674e-09,97,16937
"NOA",2021-04-23,0.459335181639175,0.00111293229166694,1.32272755588175,0.00316893075163293,5.80792557705183e-07,2.1175733009298e-09,1.67210152821661e-06,6.07560226068469e-09,113,21966
"NOA",2021-05-09,0.472754778585026,0.000953584916872635,1.35473585027234,0.00271119865642029,5.76741343382075e-07,1.37782191342429e-09,1.65391329534099e-06,3.9400846174382e-09,129,28650
"NOA",2021-05-25,0.469287734209049,0.000956559986008791,1.34606827310751,0.0027329366799254,5.73587485173469e-07,1.39590048369314e-09,1.64601580966755e-06,3.98961232487972e-09,145,28670
"NOA",2021-06-10,0.467539282900101,0.000789654266619131,1.34853255949171,0.00226515179786289,5.58562051939896e-07,1.28090182929919e-09,1.61112269076279e-06,3.66945444867653e-09,161,36144
"NOA",2021-06-26,0.487070904553559,0.000882713103610686,1.41425649375736,0.00253431992310415,5.85028741238694e-07,1.29295884174014e-09,1.69872970574042e-06,3.716718388254e-09,177,30426
"NOA",2021-07-12,0.515135176963539,0.000927587905305654,1.49751518019213,0.00266777074994712,6.35128570532216e-07,1.60177781602796e-09,1.84684836017169e-06,4.63020917149334e-09,193,31040
"NOA",2021-07-28,0.520771243310235,0.000964154769399704,1.51980435286321,0.00277528090735884,6.14912797012058e-07,1.47536532197916e-09,1.79473753791466e-06,4.27831169010737e-09,209,27784
"NOA",2021-08-13,0.517183092644999,0.000866098791911757,1.50886780302224,0.00249524355042225,5.49001733424788e-07,1.0775299088848e-09,1.60201958981438e-06,3.10772395704473e-09,225,35499
"NOA",2021-08-29,0.558021250246802,0.000927303338454544,1.61604614538152,0.00263957584933174,6.00744817787008e-07,1.23377450672049e-09,1.74000337674093e-06,3.53945528342342e-09,241,34906
"NOA",2021-09-14,0.527124482262777,0.000789269932564311,1.5210090305976,0.00223359923547512,5.34204713558704e-07,9.24930023391149e-10,1.54116927144878e-06,2.61507319615977e-09,257,35037
"NOA",2021-09-30,0.549482831202876,0.000835805483910863,1.56794216328393,0.00231776085186238,5.58370706792977e-07,1.07231906485068e-09,1.59407919205658e-06,3.00709556508499e-09,273,35947
"NOA",2021-10-16,0.554336153549151,0.000868873977352245,1.5746823193263,0.00241041490014564,6.03844505725907e-07,1.28086780655745e-09,1.71480304606481e-06,3.58155255917887e-09,289,34381
"NOA",2021-11-01,0.56687367385442,0.000855770143638974,1.60770090451754,0.00237040232583241,6.43362597061116e-07,1.32651262378268e-09,1.82539836230596e-06,3.71727748403928e-09,305,37554
"NOA",2021-11-17,0.552084484154492,0.00100759764093124,1.58008793210471,0.00281295618275978,6.57435562587952e-07,1.53793441725695e-09,1.88093009260583e-06,4.3586293657192e-09,321,29295
"NOA",2021-12-03,0.507245126208357,0.00105883508904724,1.4673105730662,0.00297917573819965,6.42389703361216e-07,1.82153825912755e-09,1.85873982989337e-06,5.18099579842516e-09,337,30888
"NOA",2021-12-19,0.50056202991975,0.0011227991935765,1.47133329882552,0.00322407398633465,6.02594114612191e-07,1.56135042339444e-09,1.77250904181535e-06,4.52269408877988e-09,353,23632
"CA",2019-01-01,0.456733450618727,0.000958403498134189,1.3093497942762,0.00269971333415617,5.36084165990524e-07,1.60125393659494e-09,1.5368879239967e-06,4.54997169348353e-09,1,29483
"CA",2019-01-17,0.452606935585533,0.000978201534079684,1.31106174200902,0.00278954984140586,5.68041720488954e-07,1.81296113453774e-09,1.64521627545986e-06,5.20786712786829e-09,17,28508
"CA",2019-02-02,0.461638521257966,0.000997970046335112,1.34654034101497,0.0028700669335341,5.3161123989071e-07,1.62562744033718e-09,1.5507337554437e-06,4.69835339657318e-09,33,27362
"CA",2019-02-18,0.396850805440304,0.00091381467922703,1.1648884129315,0.00264321646425705,4.40132566923122e-07,1.32458697981155e-09,1.29107214262037e-06,3.83872749226416e-09,49,30128
"CA",2019-03-06,0.41090357387641,0.000899639607138677,1.20281275150411,0.002598095981628,4.8886238888617e-07,1.76282790791818e-09,1.43114866504472e-06,5.15621992299203e-09,65,30614
"CA",2019-03-22,0.419473308140776,0.00091864190328387,1.21668470235618,0.00262520526141183,4.58814020786026e-07,1.16128606797857e-09,1.33195638616478e-06,3.3539140763501e-09,81,30174
"CA",2019-04-07,0.362197794030878,0.000808041341674856,1.04508921370561,0.00230879318374466,4.38257061983223e-07,1.33452575501011e-09,1.26469564821561e-06,3.84816730466591e-09,97,29965
"CA",2019-04-23,0.409117314555663,0.000725358616153226,1.17972738784837,0.00207310447978035,5.09274275767761e-07,1.42511107501626e-09,1.46789183621285e-06,4.08504140049997e-09,113,33653
"CA",2019-05-09,0.369916654259164,0.00111289444022501,1.06755707421299,0.00320227615817431,5.01299117652883e-07,2.0106185092416e-09,1.44734416275629e-06,5.80570175119406e-09,129,19796
"CA",2019-05-25,0.412464164400668,0.00102188149253192,1.1949419053542,0.00295224612181431,5.59116179218594e-07,1.73540361218671e-09,1.62010895360296e-06,5.02056516460882e-09,145,20603
"CA",2019-06-10,0.406222662041311,0.000790444579502163,1.18931727244314,0.00229934974642983,5.17418586256404e-07,1.36466458170491e-09,1.51436537734952e-06,3.97087854776785e-09,161,28103
"CA",2019-06-26,0.403138270039686,0.000871520111629479,1.18611442300303,0.00254176789730025,5.06847124255368e-07,1.42221885833797e-09,1.49064145635785e-06,4.13879999305935e-09,177,27218
"CA",2019-07-12,0.420105614192131,0.000749760464013452,1.23744627665388,0.00220099199257407,4.89740484248066e-07,1.21258000907812e-09,1.44198033010095e-06,3.53392970421531e-09,193,32296
"CA",2019-07-28,0.410195500123491,0.000731180112515312,1.20220735619964,0.00214900383947836,4.68883834276786e-07,1.01156605052427e-09,1.3734037108366e-06,2.94462504457756e-09,209,30125
"CA",2019-08-13,0.403452297689405,0.000658204668433296,1.17970326693986,0.00191910078106962,4.59378996474095e-07,1.12946018055927e-09,1.34203843937481e-06,3.23982223888175e-09,225,34421
"CA",2019-08-29,0.442974602244799,0.000649203954205688,1.27574337894301,0.00185176945043997,4.57196865980258e-07,7.87784523523206e-10,1.31667081016713e-06,2.24811810140106e-09,241,36601
"CA",2019-09-14,0.450283103663774,0.000687205596912191,1.27714662026685,0.00192428605620301,4.6603604297055e-07,1.08945221874508e-09,1.32253774752566e-06,3.10586016095018e-09,257,36360
"CA",2019-09-30,0.48712924586087,0.000911998735986985,1.36116989050851,0.00246684139391295,5.4463761337417e-07,1.45575027290547e-09,1.52028189729001e-06,3.9593749682872e-09,273,31307
"CA",2019-10-16,0.493694322399915,0.000841149038468191,1.36273493219108,0.00226818027871189,5.29542834909969e-07,1.14628307822558e-09,1.46328154840599e-06,3.14755163764838e-09,289,34549
"CA",2019-11-01,0.455159978806062,0.0012282086008973,1.2625478504178,0.00333570457413883,5.23478107015906e-07,1.81498992593646e-09,1.4524086371815e-06,4.97432294285895e-09,305,18592
"CA",2020-01-01,0.444382880004803,0.000766457644491514,1.27842110256953,0.0021795703272938,5.02385485654649e-07,1.16809881984702e-09,1.44519622057781e-06,3.33277436170416e-09,1,35404
"CA",2020-01-17,0.447423013326229,0.000872358137555621,1.30418192545225,0.00252033895941228,5.14199507139196e-07,1.17274640303422e-09,1.49944517123343e-06,3.41045865746707e-09,17,32062
"CA",2020-02-02,0.453269786344925,0.000895213108297126,1.32403623051842,0.00256517010774426,5.08874797260657e-07,1.3389130121398e-09,1.48596851419708e-06,3.86410191207207e-09,33,35119
"CA",2020-02-18,0.428555320908365,0.000912799504088346,1.25574859072065,0.00263573036285442,5.25011083385816e-07,1.72771623934453e-09,1.53846364693834e-06,5.03582894206049e-09,49,31706
"CA",2020-03-05,0.428189977889597,0.00104158681981218,1.25091105643546,0.00299308843273937,5.04227310040986e-07,1.532461983217e-09,1.47265248182148e-06,4.41238027751391e-09,65,26198
"CA",2020-03-21,0.449840766216192,0.000941003424363988,1.30899307218913,0.00270654763141554,5.31759961806696e-07,1.57967977527837e-09,1.54576021095915e-06,4.53220163318865e-09,81,31263
"CA",2020-04-06,0.409404926196098,0.000902986099910161,1.18687602885021,0.00259388429374804,5.2269499815907e-07,1.67876230513969e-09,1.51395369642469e-06,4.79353768814841e-09,97,29446
"CA",2020-04-22,0.408983638623095,0.000938300584490938,1.18602645796809,0.0027243560175291,5.38126460675668e-07,1.9552889638417e-09,1.55986685294969e-06,5.66431898160625e-09,113,27324
"CA",2020-05-08,0.40894130623106,0.000951947945691019,1.17909051749028,0.00272461955232223,5.65780261120489e-07,1.82564745516234e-09,1.63008718382563e-06,5.24077855049225e-09,129,28243
"CA",2020-05-24,0.398746036933708,0.00094715103935426,1.1616541404583,0.00275240537847387,5.32203388905894e-07,1.62176689286243e-09,1.54902344825994e-06,4.68922607842067e-09,145,27182
"CA",2020-06-09,0.402537492792373,0.000777880846822033,1.17691648890582,0.00226649680087732,5.01376102011361e-07,1.13624510141269e-09,1.46525598848589e-06,3.29778007455748e-09,161,32100
"CA",2020-06-25,0.390900585772943,0.000814904446508943,1.15000615648055,0.00239133886334426,5.0638674071187e-07,1.28003835629818e-09,1.48915853215653e-06,3.75172030753514e-09,177,31232
"CA",2020-07-11,0.407786250671783,0.000766520956193122,1.20461992156578,0.00225643136361317,4.78419141492748e-07,1.20157805573798e-09,1.41197030366949e-06,3.49171380229587e-09,193,31093
"CA",2020-07-27,0.42758438292994,0.000731320487195021,1.25593014282558,0.0021425098200276,4.79559765999058e-07,1.0500751585857e-09,1.40752987660009e-06,3.06057075123483e-09,209,31413
"CA",2020-08-12,0.410787478721879,0.000817211041680269,1.19506807930302,0.00235871891441629,4.92778900076731e-07,2.01655318013573e-09,1.434413921647e-06,5.87937950704388e-09,225,25608
"CA",2020-08-28,0.409929394399479,0.000761172155213787,1.18679854683981,0.00219114601459549,4.73859420708345e-07,1.39451302795216e-09,1.3717952551756e-06,4.02859067535257e-09,241,29697
"CA",2020-09-13,0.456174388041049,0.000881141489010589,1.2954446160713,0.00246623736081107,5.02541265540466e-07,1.9174016329901e-09,1.42607463366062e-06,5.37426221226357e-09,257,27553
"CA",2020-09-29,0.500837161451289,0.000848582189392196,1.39635423308531,0.00231327719479701,4.88236092933613e-07,9.50543346713014e-10,1.36228098069668e-06,2.63318533402537e-09,273,30123
"CA",2020-10-15,0.543150224776752,0.00105235229114124,1.50653664348929,0.00281085207446166,6.50517286576984e-07,2.22777178182552e-09,1.80305642819823e-06,6.05002429093701e-09,289,27136
"CA",2020-10-31,0.533519836490065,0.000974735151325462,1.48130142544802,0.00264865078803791,5.9660146385902e-07,1.63380905823576e-09,1.65767137980721e-06,4.5516113287874e-09,305,26878
"CA",2020-11-16,0.507929980725596,0.00109178538565172,1.41274671485109,0.00297598134620851,5.8079929362569e-07,1.70969298163973e-09,1.61537159904283e-06,4.68533896614776e-09,321,27250
"CA",2020-12-02,0.488952081113178,0.00093907106660372,1.37274129619239,0.00257474880715493,5.28447166315025e-07,1.22631263119981e-09,1.48332143820831e-06,3.37179267031149e-09,337,30867
"CA",2020-12-18,0.54169199400067,0.00107599082947587,1.52720500800099,0.00293869961594309,5.79106874343928e-07,1.47557085562516e-09,1.63446259035724e-06,4.12932583388438e-09,353,27204
"CA",2021-01-01,0.481720336384496,0.00132441942152021,1.3836940018412,0.0037086819389742,5.38061339178277e-07,2.07406826886235e-09,1.54698599661277e-06,5.93304974379986e-09,1,19625
"CA",2021-01-17,0.531537928952897,0.00170957066328688,1.53947461127321,0.00488240261166212,5.73540817386605e-07,2.27177892416674e-09,1.66276428952291e-06,6.59975219475578e-09,17,12098
"CA",2021-02-02,0.463200611600822,0.00125376355577857,1.35994770462432,0.00363088739599545,5.36644047612988e-07,2.01902752436657e-09,1.57610844306858e-06,5.89197832767095e-09,33,19244
"CA",2021-02-18,0.450354210144494,0.00152431985348186,1.31998633313817,0.00438397820586511,5.20593087935196e-07,2.74433063175771e-09,1.52342336551609e-06,7.89586517916995e-09,49,16770
"CA",2021-03-06,0.441908579220921,0.00118842543414633,1.30010066787697,0.00345746174308788,4.89255609646608e-07,2.03579932199077e-09,1.43907132409064e-06,5.95152810342555e-09,65,20455
"CA",2021-03-22,0.417737600942624,0.00138218094480973,1.21492098737142,0.00397268177632513,4.83496792888508e-07,2.25857004426547e-09,1.40641087906594e-06,6.549958480053e-09,81,15182
"CA",2021-04-07,0.38368581289327,0.00101022693959089,1.11144770606686,0.00290306121072109,4.68055337615961e-07,1.58994686975977e-09,1.3550842897107e-06,4.56682503457482e-09,97,21189
"CA",2021-04-23,0.380109305762069,0.00130167100582369,1.10517024825309,0.00375467465833926,4.67498844595454e-07,2.06638151599373e-09,1.35765319354296e-06,5.94334810275466e-09,113,13837
"CA",2021-05-09,0.403006278257271,0.000880476437819258,1.16712093989641,0.00254455023844523,5.14281928123656e-07,1.51719605284445e-09,1.48852373144924e-06,4.35655635572295e-09,129,26500
"CA",2021-05-25,0.393246347637206,0.000813372812498656,1.1441484988775,0.00235197938484948,4.8689244101058e-07,1.39674987183928e-09,1.41598496522042e-06,4.03120582028967e-09,145,27803
"CA",2021-06-10,0.395853953780833,0.000940298551356216,1.1608365667624,0.00274770656377194,5.02321744893692e-07,1.46502802219276e-09,1.47252461855003e-06,4.26704856387035e-09,161,23879
"CA",2021-06-26,0.434527800871889,0.000862005539147721,1.28180710755624,0.002520512897336,5.1962432939539e-07,1.52884848280347e-09,1.53197791938274e-06,4.43328161477164e-09,177,24209
"CA",2021-07-12,0.421058997938965,0.000725704878257062,1.24450033182881,0.00213590458768806,4.94592106623404e-07,1.07452863138392e-09,1.46158701540259e-06,3.15472274642214e-09,193,32430
"CA",2021-07-28,0.417627510586044,0.000839016858581608,1.22982975897872,0.00246636607792821,4.88275079401402e-07,1.73416802458245e-09,1.43579653403641e-06,5.00058451922268e-09,209,24193
"CA",2021-08-13,0.4137614917283,0.000974916883702072,1.21429333083547,0.00283844458654054,4.33130769543091e-07,1.12062663330423e-09,1.27144286355346e-06,3.26381717825346e-09,225,22633
"CA",2021-08-29,0.482816023986883,0.000970660693785496,1.38733951205937,0.00274216642573262,5.48203429096838e-07,2.04937773787276e-09,1.57918485287254e-06,6.01307936116766e-09,241,25427
"CA",2021-09-14,0.476590485403485,0.000898881366634799,1.35963664721816,0.00251656288921545,4.77843651961607e-07,1.10313804378444e-09,1.36259683101101e-06,3.08860788643026e-09,257,28017
"CA",2021-09-30,0.536186141932409,0.00117901532424012,1.5010735360455,0.00317573187797965,5.50286646240349e-07,1.56376764686971e-09,1.54088826913836e-06,4.27983549581262e-09,273,26317
"CA",2021-10-16,0.572295139978289,0.00134259111956433,1.59146894835915,0.00355411051601169,6.07769883144538e-07,1.78752576873041e-09,1.68911466625951e-06,4.78317428847616e-09,289,22902
"CA",2021-11-01,0.581426673193805,0.001208533570561,1.60747247588059,0.00322979774255066,6.69484896390324e-07,2.13882037471334e-09,1.85222448350435e-06,5.8987867231447e-09,305,24897
"CA",2021-11-17,0.57326063967507,0.00121301759864769,1.58673247662349,0.00327045532154004,6.5877828259066e-07,2.13158791288017e-09,1.82611398887605e-06,5.96416040235123e-09,321,23741
"CA",2021-12-03,0.501224104567962,0.00116313973204699,1.40679805595302,0.00318782839031732,5.72992711742726e-07,1.6832565599418e-09,1.60872638105236e-06,4.66620876687685e-09,337,25288
"CA",2021-12-19,0.532864924511747,0.00154979295171094,1.51811096041382,0.00426392925195541,6.23842730103007e-07,2.34217384625363e-09,1.77647004311942e-06,6.4567366218574e-09,353,16134
"Southern",2019-01-01,0.603512209266574,0.000924677672119065,1.69003040919189,0.00250482215005664,6.73129541510696e-07,1.37356656694763e-09,1.88752763359258e-06,3.8115564988376e-09,1,49236
"Southern",2019-01-17,0.576740897315974,0.000764770796997045,1.63711374721998,0.00212556276868823,6.25203701354046e-07,1.10724492032174e-09,1.77725874975349e-06,3.14238524135909e-09,17,56945
"Southern",2019-02-02,0.581336914093825,0.000804856131677948,1.66941213436264,0.00226834329702168,6.60258424120372e-07,1.33764693859358e-09,1.89780986987686e-06,3.82393265695694e-09,33,53764
"Southern",2019-02-18,0.547099742900936,0.000842444179766573,1.57736713729631,0.00239789457229676,6.34032856822913e-07,1.33653336597125e-09,1.83025345216792e-06,3.86533454906489e-09,49,51635
"Southern",2019-03-06,0.529021049322641,0.000749767306511011,1.53587425020269,0.00216261898633405,6.22881617613781e-07,1.20696095721079e-09,1.80873878807497e-06,3.50655167096644e-09,65,56390
"Southern",2019-03-22,0.501090998743313,0.000819467998786655,1.44807422822583,0.00233953423976668,6.34393031202579e-07,1.66391263055572e-09,1.83426560542023e-06,4.79540974442576e-09,81,46407
"Southern",2019-04-07,0.41748384898,0.00061562074348269,1.21221952702885,0.00177090268151322,4.9905296110383e-07,9.11694159906175e-10,1.44922305226684e-06,2.63055719635503e-09,97,59054
"Southern",2019-04-23,0.433946933976677,0.000538333856572177,1.26327121590071,0.00155056553672262,5.35719312260171e-07,8.79645975217453e-10,1.55974959929988e-06,2.54839418770814e-09,113,59900
"Southern",2019-05-09,0.399464237502373,0.000584483809105969,1.17279868661323,0.00170274273583356,4.99575055515693e-07,9.20959240068064e-10,1.46646811821532e-06,2.68592359069795e-09,129,51486
"Southern",2019-05-25,0.418371373574416,0.00055370754676236,1.2342371842786,0.00161755929392813,5.22887501474069e-07,8.16030208486348e-10,1.54254760788191e-06,2.38584023638549e-09,145,53977
"Southern",2019-06-10,0.421803196715308,0.000464071664164383,1.25242429124764,0.00135502360373787,5.02393828654972e-07,5.82279302915942e-10,1.49216825889837e-06,1.70661138827959e-09,161,59032
"Southern",2019-06-26,0.423365438117102,0.000538844393735254,1.26525804768667,0.0015794794277069,5.16811459541633e-07,7.7448911853404e-10,1.54533687701696e-06,2.29500124332834e-09,177,57999
"Southern",2019-07-12,0.438603657717553,0.000534377237690792,1.31027702856786,0.00157689280711616,5.14873935108564e-07,7.04414990432223e-10,1.53889780096367e-06,2.09552367782171e-09,193,61395
"Southern",2019-07-28,0.438812903540029,0.000509589286528867,1.30065143616811,0.00150628742974995,4.79439618379909e-07,5.71707664778866e-10,1.4211650784945e-06,1.68939779752579e-09,209,65376
"Southern",2019-08-13,0.41406609827025,0.000512391224975909,1.21365719111161,0.00149392340173662,4.57537527847019e-07,6.16119169453407e-10,1.34101097669623e-06,1.79814707182057e-09,225,66697
"Southern",2019-08-29,0.428097787687043,0.000538932964455923,1.23202730033428,0.00154684948889597,4.66341254529462e-07,7.63274450056411e-10,1.34233832922907e-06,2.1907933941949e-09,241,64948
"Southern",2019-09-14,0.432757462761752,0.000556654377372855,1.22094459806037,0.00156485468018211,4.46793150865485e-07,6.72964586484128e-10,1.26046656273168e-06,1.89074506223158e-09,257,65020
"Southern",2019-09-30,0.507071444646569,0.000672476584307574,1.39970272985838,0.001837927475799,5.50547071667204e-07,1.03811215665873e-09,1.52077370607423e-06,2.87130455873549e-09,273,61739
"Southern",2019-10-16,0.555455097020014,0.000725884807772524,1.51337710539268,0.00194148781311063,5.94640798003193e-07,1.060330401244e-09,1.62092236304055e-06,2.8736273870138e-09,289,63806
"Southern",2019-11-01,0.572972344166877,0.00113496707435137,1.54970361800962,0.00297396868148786,6.03764426151478e-07,1.4303628995945e-09,1.63480326938823e-06,3.80474667343034e-09,305,41411
"Southern",2020-01-01,0.632505738337177,0.000877831561694959,1.77396124561601,0.00240629501267839,7.05190486828977e-07,1.34451822881949e-09,1.98070913444752e-06,3.75930897539499e-09,1,55189
"Southern",2020-01-17,0.622349155269096,0.000720232136525545,1.76473652029477,0.00199605917325817,6.68757178337341e-07,1.02261816655775e-09,1.89960476876584e-06,2.91630536512041e-09,17,62593
"Southern",2020-02-02,0.61564867444993,0.000843038695480701,1.76625341195412,0.00237425863312205,7.21783018573527e-07,1.36079375486614e-09,2.0721255280496e-06,3.89561560948245e-09,33,58263
"Southern",2020-02-18,0.550520275845934,0.000776192349024774,1.5904476979408,0.00221764229198357,6.19324700058948e-07,1.22183208055486e-09,1.78933733891166e-06,3.50469150113913e-09,49,57482
"Southern",2020-03-05,0.508995371553541,0.000705808446440467,1.47676467739268,0.0020226154763458,5.66517360326913e-07,9.76278179971883e-10,1.64382290699523e-06,2.81263830429528e-09,65,59334
"Southern",2020-03-21,0.524689152858915,0.000679159282538727,1.52369029970615,0.0019457901140039,6.16482827705626e-07,1.12981297637535e-09,1.79172073847256e-06,3.29101291327927e-09,81,60028
"Southern",2020-04-06,0.48918078499314,0.000625432396296871,1.42174843426512,0.00180150606044642,5.83295044611595e-07,9.59751767543288e-10,1.69529497327335e-06,2.78199186541863e-09,97,61280
"Southern",2020-04-22,0.443338726024859,0.000556147668451139,1.29008651300132,0.00161038907650373,5.46489108626836e-07,1.00260617682372e-09,1.59055022770941e-06,2.91761576686103e-09,113,62259
"Southern",2020-05-08,0.433822922304459,0.000525907759600051,1.26825689783289,0.00152168168399853,5.32562806666757e-07,8.1414202312171e-10,1.55713280414524e-06,2.36841293715883e-09,129,63553
"Southern",2020-05-24,0.423799012128038,0.000536858703364819,1.24580706158473,0.00155702939991846,5.22593981859691e-07,7.92322873637214e-10,1.53661127598951e-06,2.3105497256527e-09,145,58698
"Southern",2020-06-09,0.4228559540372,0.000499493596367416,1.25574364982077,0.0014583718806424,5.12883573630958e-07,7.39291053134353e-10,1.52376042286328e-06,2.18251660090728e-09,161,59220
"Southern",2020-06-25,0.411438710099599,0.000521218211264198,1.22871122710111,0.00153004276411875,5.06824702227469e-07,7.8089194039222e-10,1.5144295272702e-06,2.31865069927858e-09,177,57487
"Southern",2020-07-11,0.428683112026582,0.00051081559370156,1.28002241966635,0.00150254664396174,4.94227736079118e-07,6.51985852658592e-10,1.47650403741354e-06,1.93406000243737e-09,193,63169
"Southern",2020-07-27,0.43726226056256,0.000523373218944133,1.29612342594163,0.00154450782537265,4.65205277216564e-07,5.56925212177991e-10,1.37914165776929e-06,1.64540029609527e-09,209,65949
"Southern",2020-08-12,0.422834743907201,0.000560099338134326,1.23545166851426,0.00162810692862784,4.68289919800528e-07,8.00236173121915e-10,1.36946057263827e-06,2.34958098469779e-09,225,60261
"Southern",2020-08-28,0.405019029988248,0.00057401722443292,1.16841960257018,0.00164991304794952,4.34055547388767e-07,8.87246129465792e-10,1.2518075627263e-06,2.56486037558938e-09,241,56202
"Southern",2020-09-13,0.450014747490699,0.000688057520761399,1.27332037887462,0.00192481360998026,4.66036982179652e-07,1.04681179820567e-09,1.31899590146801e-06,2.95658685510729e-09,257,47943
"Southern",2020-09-29,0.474681002932436,0.000638191598318315,1.31418227482796,0.00175486216933398,4.65172442024418e-07,7.12817902725228e-10,1.28817380452476e-06,1.97079700666601e-09,273,59499
"Southern",2020-10-15,0.567577955276703,0.000897979722663593,1.55360133632016,0.00240545109379737,5.99727520576396e-07,1.2520233971713e-09,1.64104570803069e-06,3.37317578668388e-09,289,49919
"Southern",2020-10-31,0.617097763986446,0.000921242514448581,1.67525469201992,0.00242666227603192,6.71119158832098e-07,1.48223387510033e-09,1.82046173500493e-06,3.91655353585139e-09,305,51886
"Southern",2020-11-16,0.614604100056842,0.000967917834097034,1.66227472315281,0.00255950921520661,6.37109079670285e-07,1.27426927878199e-09,1.72616458582621e-06,3.45159130215901e-09,321,51574
"Southern",2020-12-02,0.65699700413124,0.00105514780674727,1.79402246351112,0.0027760982715017,6.98349921085494e-07,1.40680511526189e-09,1.90894628832901e-06,3.78379752170728e-09,337,49027
"Southern",2020-12-18,0.667225419220907,0.00120232083901468,1.83989599972232,0.00317346291821756,7.1032451576436e-07,1.54925496965442e-09,1.96313411930732e-06,4.24632975321703e-09,353,41734
"Southern",2021-01-01,0.659830892849485,0.00105474755241069,1.84768387111299,0.00286424332056023,6.95450804422968e-07,1.41847512185707e-09,1.95089070782587e-06,3.96598076861078e-09,1,44024
"Southern",2021-01-17,0.720736247768669,0.0025479594022103,2.02810564551785,0.00692324477647065,7.46520671659888e-07,3.18499793654519e-09,2.10300000480166e-06,8.85966511036035e-09,17,10913
"Southern",2021-02-02,0.623247065922256,0.00107350175744901,1.7936371382412,0.00300787118262399,6.80385367276944e-07,1.62786873552821e-09,1.95925488631611e-06,4.63659257991035e-09,33,35597
"Southern",2021-02-18,0.550073656446542,0.00156854013160729,1.59128111439589,0.00446028836706245,6.09419087900248e-07,2.37328350240207e-09,1.76304218334069e-06,6.77182017517138e-09,49,17214
"Southern",2021-03-06,0.56753114354111,0.000967077107199067,1.64166737011549,0.00274733023380773,6.31809658919106e-07,1.85595796323291e-09,1.82742934980936e-06,5.33552811907571e-09,65,38090
"Southern",2021-03-22,0.476124803621716,0.000916492645750967,1.38223491081922,0.00263467661913759,5.70824885179868e-07,1.65821191702409e-09,1.65585576463947e-06,4.75727941012082e-09,81,33502
"Southern",2021-04-07,0.436853405692642,0.000795287019675234,1.26760168551183,0.00228880572877912,5.25691383019799e-07,1.4057278839969e-09,1.52615660244631e-06,4.10271441717979e-09,97,36731
"Southern",2021-04-23,0.417656609559448,0.000585437402114471,1.21903725747872,0.00169642996403089,4.73433153040968e-07,7.58582298115476e-10,1.38158421399001e-06,2.19781040757692e-09,113,53605
"Southern",2021-05-09,0.421150077019968,0.000580965941988702,1.22992971387326,0.00167669982623832,5.14985423441199e-07,9.03134961953019e-10,1.50476879664476e-06,2.63012588937404e-09,129,53228
"Southern",2021-05-25,0.409337029413424,0.000539435987923218,1.2067139693027,0.00156226424198169,4.86600476481024e-07,7.196928918418e-10,1.43555347597462e-06,2.10621167372797e-09,145,53010
"Southern",2021-06-10,0.409610636279804,0.000558541954217638,1.21969121403789,0.00163133092652893,5.04732541963746e-07,7.86647312682593e-10,1.50315981856542e-06,2.30792579529641e-09,161,55530
"Southern",2021-06-26,0.417710655168886,0.000505696326248432,1.25057967434727,0.00148305602232573,5.01320106349077e-07,7.00804591205476e-10,1.50112211375602e-06,2.06469452003516e-09,177,62579
"Southern",2021-07-12,0.431328771170075,0.000512919288847071,1.28771599980568,0.00150464418630407,4.84144682807146e-07,5.83820396758416e-10,1.4460102199683e-06,1.72155311261258e-09,193,65583
"Southern",2021-07-28,0.4382216751631,0.000527644458357648,1.29915023273956,0.00155599306662509,4.76884077303096e-07,6.54489076255742e-10,1.41402880660519e-06,1.9375019304254e-09,209,65323
"Southern",2021-08-13,0.415659791705872,0.000641804014836701,1.22295112087149,0.00187340498614108,4.4910551740262e-07,7.91567592596295e-10,1.3212847860193e-06,2.31221936867954e-09,225,57023
"Southern",2021-08-29,0.455431482283161,0.000704573121513915,1.31565368097091,0.00201513080169113,4.87685617966344e-07,8.92505244168494e-10,1.40938147828278e-06,2.56662250993341e-09,241,53159
"Southern",2021-09-14,0.467430722778012,0.000694946190553414,1.32591275967553,0.00195820943614564,4.95974305724021e-07,9.46180103121893e-10,1.40615422479572e-06,2.67557762845082e-09,257,54389
"Southern",2021-09-30,0.531070038562962,0.000814787201609874,1.47700252283037,0.00223440872687976,5.48629377388455e-07,1.00476793451207e-09,1.52719641160285e-06,2.78553565993998e-09,273,48023
"Southern",2021-10-16,0.616498025816076,0.000899435049575757,1.68095806629058,0.0024036708247034,6.23825392951413e-07,1.08523587219746e-09,1.7024202255985e-06,2.94102430095022e-09,289,50699
"Southern",2021-11-01,0.702021689399279,0.00112266895823879,1.90554717292828,0.00294675789611793,8.08047699713583e-07,1.91730013989123e-09,2.19543772332831e-06,5.17326447874687e-09,305,40645
"Southern",2021-11-17,0.709865327898172,0.0012443304501368,1.93157713408631,0.00322898531394785,7.58982131501968e-07,1.54945321008043e-09,2.06828403450769e-06,4.12560688842017e-09,321,37406
"Southern",2021-12-03,0.671645830744316,0.00138641742464556,1.83819442071765,0.00366345407437257,7.80926572987172e-07,2.26929214593694e-09,2.14051078830812e-06,6.15263510530397e-09,337,31359
"Southern",2021-12-19,0.686282373402555,0.00138988414024736,1.89631860068913,0.00369890903878837,7.41624626866488e-07,2.15745528419678e-09,2.05305057654103e-06,5.94368141438508e-09,353,29926
