"zone","truedate","mean_pai","se_pai","mean_pai_toc","se_pai_toc","mean_pai_us","se_pai_us","mean_modis_lai","se_modis_lai","mean_meanpavd","se_meanpavd","mean_sdvfp","se_sdvfp","mean_nirv","se_nirv","mean_fpar","se_fpar","mean_apar","se_apar","mean_sif743","se_sif743","mean_sif743_cor","se_sif743_cor","mean_sif_par","se_sif_par","mean_sifs_par","se_sifs_par","mean_sif_parm","se_sif_parm","mean_sifs_parm","se_sifs_parm","mean_sif_apar","se_sif_apar","mean_phif","se_phif","mean_phifm","se_phifm","mean_fesc","se_fesc","mean_pri_nar","se_pri_nar","mean_cci","se_cci","mean_sif_rel_tropo","se_sif_rel_tropo","mean_ndvi_tropo","se_ndvi_tropo","mean_nirv_tropo_refl","se_nirv_tropo_refl","mean_nirv_tropo_rad","se_nirv_tropo_rad","mean_phifm_tropo_rad","se_phifm_tropo_rad","mean_phifm_tropo_refl","se_phifm_tropo_refl","mean_phif_tropo_refl","se_phif_tropo_refl","mean_fesc_tropo_rad","se_fesc_tropo_rad","mean_fesc_tropo_refl","se_fesc_tropo_refl","mean_sif_fesc_mod","se_sif_fesc_mod","mean_sif_fesc_tr","se_sif_fesc_tr","mean_iprec","se_iprec","mean_vpd","se_vpd","doymin","nsif","npai","nsifparm","year"
"all",2019-04-07,4.09276799972241,0.0982685822591954,1.36947657898642,0.116421246291964,2.54737657767076,0.0587937208398877,5.85658625456003,0.061664798068559,0.031183804743565,0.00107471101052898,0.0608475855909861,0.00228828558373211,0.259552999184682,0.00322121996548124,0.881311134650157,0.00323968376865732,160260.747426787,5318.0280832964,0.95854008770906,0.0635542578950959,0.330090528497329,0.0219709074958248,1.84468442504773e-06,1.24694105642076e-07,5.35608977061012e-06,3.59911576453545e-07,4.28259085591283e-07,2.96188889307441e-08,1.24325975960178e-06,8.54735154817517e-08,2.09477711806738e-06,1.41830020011908e-07,7.12816871307852e-06,4.95652806232249e-07,1.65489046740168e-06,1.19056558526299e-07,0.294460179789717,0.00329432227762975,-0.0908510557447489,0.00353747740464658,0.179390032701603,0.00530122791622569,0.0034993953935402,0.000250151487999997,0.532101769977848,0.0264840510023429,0.160796359635738,0.00606263613989888,50.021079738406,1.90996912795699,8.63965468058381e-09,5.54299184610447e-10,2.68641625169924e-06,1.73326524709669e-07,1.1646937936796e-05,8.02536610262189e-07,56.7999101402566,2.21053302679613,0.182515076867591,0.0069245012424982,1.12304824310973,0.0764568395405151,1.83784820321223,0.124349467414241,88.8597996051495,12.3491235546357,2.41641128243779,0.0401024380095566,97,26,26,26,"2019"
"all",2019-04-23,4.146811826372,0.0351120611641632,1.50107426640551,0.0307145775321615,2.45543972513277,0.0204837211702233,5.79806392651627,0.0268545736423341,0.0287409785235953,0.000264654083920059,0.0567878567869261,0.000543525207574349,0.260043077899455,0.000972977121067819,0.879142446848872,0.00145216388390668,147530.686605578,1006.80163687419,1.22834639462763,0.0196414745837809,0.424096560229074,0.00689002075446344,2.56027012878527e-06,4.60236942816312e-08,7.41176123149674e-06,1.30709942259342e-07,5.69707363494759e-07,9.75911298445361e-09,1.65007389279449e-06,2.78758207683964e-08,2.91853853786224e-06,5.42465183056729e-08,9.82925600667064e-06,1.71010244690229e-07,2.18608036520081e-06,3.59312873290869e-08,0.296026713061361,0.00120364739406406,-0.0884969027930348,0.000539440079980285,0.178756206819428,0.00177715355684031,0.00457618011881999,7.29096509759644e-05,0.489405248327262,0.00559397960583679,0.148461313347273,0.00160398474189455,45.0475991749983,0.447248579253469,1.27463042732703e-08,2.13288250028602e-10,3.89334903876991e-06,6.90756572896857e-08,1.75470921111757e-05,3.38209709441935e-07,51.2626540942446,0.511394778461501,0.168838850940411,0.00179710978041454,1.43089569751449,0.0222065799217242,2.54516848476037,0.0421659810997937,112.511316052747,3.49688107941828,2.40799555562871,0.00914130223622667,113,317,317,317,"2019"
"all",2019-05-09,4.14432808204933,0.0430845359619798,1.55064504672453,0.0412775909926242,2.41970078150431,0.0201607766182186,5.76706807953971,0.0302133081088837,0.02808042222427,0.000275602484968455,0.0552529557238495,0.000562984604446299,0.255793857511389,0.00111915583090489,0.885152777666768,0.00125651815475745,173381.041083542,1367.85757144984,1.09477858353534,0.0287107681727212,0.375229925184545,0.00983192890285558,1.94144572294939e-06,5.55010592561551e-08,5.66205600198935e-06,1.61282595131028e-07,5.46371477667723e-07,1.51506289927426e-08,1.59370553312358e-06,4.41152035111928e-08,2.19589187469505e-06,6.37029261081839e-08,7.56040575444299e-06,2.08439001249653e-07,2.13078606000746e-06,5.78754787047949e-08,0.289012652642465,0.00122765210663575,-0.093199153563806,0.000644508565716098,0.170573765554123,0.00186446150787722,0.00441929735859012,0.000119808619690343,0.511830448669858,0.0099209584578998,0.152042300213286,0.00275403615486523,43.0075867387534,0.695093851519167,1.30170708180703e-08,4.12078584904049e-10,3.73516095566716e-06,1.27324259445633e-07,1.32075112590796e-05,4.35488366928735e-07,48.5468559927218,0.769574653589027,0.171552295394481,0.00303563138479775,1.29439418071237,0.0328215994380763,2.25249689561559,0.0680308986490769,72.6455777391554,4.47293399981968,2.54435259536239,0.0140333990584133,129,189,189,189,"2019"
"all",2019-05-25,4.09289567813016,0.0376986309731144,1.41791031646885,0.0327037249872395,2.46125198077214,0.0212897453598369,5.58036758711463,0.031425622454365,0.0288669180897016,0.000287136178831775,0.0565558096859604,0.00056995485891177,0.255205807651867,0.0010618221663928,0.88125673982135,0.0014934218637959,167212.593374237,1400.16309543249,1.19036554826195,0.0236771351720518,0.403230672391752,0.0080069244156867,2.14829972905646e-06,4.54597031753967e-08,6.33658943989285e-06,1.32721485291606e-07,5.49752478845511e-07,1.0476069656439e-08,1.62255315985469e-06,3.09683021964899e-08,2.4398021811705e-06,5.23499644311176e-08,8.4158607625427e-06,1.78074553208676e-07,2.15552618894094e-06,4.11903507818866e-08,0.289636882302298,0.00114631903692033,-0.0913382716182815,0.000701481527106398,0.176748333600203,0.00203795887932151,0.00490594592958679,0.000101312558462386,0.504167080430801,0.00794984911370398,0.147682414853223,0.00199104657121613,41.0822504486862,0.471025713305988,1.36713960293784e-08,3.02309716537506e-10,3.84835068870619e-06,9.16292423221317e-08,1.50781920776403e-05,3.90785490212272e-07,46.6237199683025,0.531978342171887,0.167496333158884,0.00220867266692451,1.39230216187026,0.0274125909235283,2.48330773865487,0.0602044718035109,64.9544314709411,4.0359255050191,2.69751671527817,0.0175270166673066,145,228,228,228,"2019"
"all",2019-06-10,4.21619472069217,0.0205168038586875,1.60045582224224,0.0176258542420645,2.43850605131549,0.0110344570095702,5.73384047817312,0.0125083503271472,0.0280812796332121,0.000148093956835819,0.0553032417428148,0.000302930025070151,0.253746127289301,0.000485336341551999,0.890272040234839,0.000483055956996672,185626.67439469,614.147059104962,1.24532240471353,0.0103131038416652,0.421138227126863,0.00351359349742175,2.04111583253643e-06,1.91778898211392e-08,6.03305913851889e-06,5.59081064004581e-08,5.33556067152234e-07,4.69778221260536e-09,1.57776803648174e-06,1.38152795713384e-08,2.29411948477004e-06,2.1901076091538e-08,8.03636050807669e-06,7.35005952500439e-08,2.1030425779145e-06,1.836329334095e-08,0.285022857468362,0.00052451085753435,-0.0936758469315751,0.000282045140588294,0.171060781717063,0.000904409942360614,0.00525644764969837,4.52116183957853e-05,0.561280120474732,0.0040568269314825,0.164106008702154,0.0010572322847301,44.7219919244743,0.258879453096805,1.21040567243545e-08,1.13148846032957e-10,3.31946093795277e-06,3.29165821706242e-08,1.27353937316491e-05,1.39189600654883e-07,50.2256411129158,0.287881171919172,0.184266173322092,0.00117112272876918,1.47738241719266,0.0121174671963886,2.32947001615802,0.0216888754461807,21.9646863785007,1.20752332942835,2.68121592728589,0.0083274989461145,161,793,793,793,"2019"
"all",2019-06-26,4.14269489181277,0.0232610685227094,1.54004087788788,0.0192270604069202,2.4212537104558,0.0116481405196765,5.78871179348544,0.0127635190097367,0.027822851162943,0.000133356528514294,0.0548540647668568,0.000275712179124104,0.255985482919373,0.000586583255866299,0.890431644571455,0.000509053916002742,176760.425161435,558.321550956131,1.27797658566974,0.0121083169793881,0.428576818407562,0.00414110256884614,2.1762688475403e-06,2.26582206819807e-08,6.48680827598787e-06,6.59296772898078e-08,5.6924256278423e-07,5.91392905510168e-09,1.69729813504698e-06,1.73133248904476e-08,2.44520284474466e-06,2.56824170204883e-08,8.47388644812746e-06,8.23211236724795e-08,2.2183896977505e-06,2.19316194879866e-08,0.287465792958953,0.000627533134759127,-0.0932999167101164,0.000284947881025585,0.166821246375422,0.000995588731743722,0.00523704998443344,4.99190407393857e-05,0.552748639896771,0.00421839393150238,0.160991718663932,0.00105618618003052,44.863592107492,0.274586680089162,1.28886827113621e-08,1.42798165917019e-10,3.61392481503193e-06,4.26883504121458e-08,1.37730770553485e-05,1.57901222591776e-07,50.369903681912,0.303928792796079,0.180702434187403,0.00116008497950471,1.48578039420213,0.0132721511934005,2.40420409510448,0.0240206338630807,32.896244275477,1.57497281829109,2.80227715283677,0.0106795522078756,177,760,760,760,"2019"
"all",2019-07-12,4.31225822696632,0.0198007506471025,1.66416983207984,0.0203788878463153,2.48395048073408,0.0107666375392798,5.8398441137238,0.0118100600502381,0.0281845563612561,0.000144009797068548,0.0555720770657486,0.000302345599497869,0.256694065195254,0.000572790344007978,0.890182887542654,0.000482425166417938,182873.480698877,820.481749593214,1.31236169074493,0.012649123519515,0.443466514309297,0.00430520500860665,2.18268379833855e-06,2.29849973646957e-08,6.45478648414251e-06,6.68378134278317e-08,5.3966899067055e-07,5.25227839520824e-09,1.59722947268707e-06,1.54594543823317e-08,2.4534915078698e-06,2.61299073962522e-08,8.51372919910925e-06,9.03361800384495e-08,2.10144294068013e-06,1.99508387913815e-08,0.288323505114557,0.000597684187262499,-0.0913007663277147,0.000328998339150918,0.168483038458614,0.000922717198325062,0.00514231522219712,5.17970671016471e-05,0.5584490966147,0.0042810917549286,0.164563378705085,0.00110095880724089,47.8433513536146,0.27585759699597,1.14429321926944e-08,1.22933230227651e-10,3.35395556952361e-06,3.80824626715695e-08,1.36331127225703e-05,1.74531652622984e-07,53.7204730722497,0.301912592022052,0.184719396518321,0.00119974563485351,1.53652899093626,0.0144570588103937,2.43842978498284,0.0253774404906187,37.8940340346256,1.44136301992387,2.66993870841428,0.00945871772903142,193,704,704,704,"2019"
"all",2019-07-28,4.19293563363929,0.0172801872254382,1.62003511509635,0.0152252760178506,2.41334771763797,0.0079538473579335,5.9538593280195,0.00665527971231894,0.0280053396944446,0.000101904231999311,0.0553287041690263,0.000211454218435314,0.258768768134442,0.000409770955337912,0.89333434633735,0.000232275133957682,211490.072098066,677.177909100674,1.30054035834633,0.0083676337962628,0.440768627856001,0.00282494484756959,1.89217510114498e-06,1.54570478394165e-08,5.58005762092285e-06,4.51682677129588e-08,5.0125453552773e-07,3.35033452334243e-09,1.47856225663839e-06,9.84814077929726e-09,2.11874505993364e-06,1.74643039469652e-08,7.29796265763847e-06,5.66826783687292e-08,1.93639104358671e-06,1.25924065235674e-08,0.289632218000844,0.000434125902398222,-0.0895073418740673,0.000265068867279338,0.154071314087318,0.000843497359867162,0.00518725056375787,3.52165810239456e-05,0.588963493496849,0.00275610797629628,0.170021941201806,0.000716107708341268,50.0045523840412,0.185806206748795,1.00855766417535e-08,6.81109024580857e-11,2.9807805176924e-06,2.15209989147963e-08,1.12773489464835e-05,1.01468004446291e-07,55.9625519509487,0.204605128100246,0.190254059427279,0.000786202783809046,1.51944297666065,0.00912389334824059,2.33281839412621,0.0148003213628339,12.2041221924531,0.832066442361375,2.70918351810137,0.00852065862223916,209,1188,1188,1188,"2019"
"all",2019-08-13,4.255868871401,0.0211807629042446,1.59690330386525,0.0194882360749408,2.49891655165248,0.0107790232745141,6.13237724689449,0.00996756231205234,0.0290942848773628,0.000135197520945735,0.0573469567618037,0.000275485082561041,0.263527247532294,0.000611837757568809,0.889115811212034,0.000493834026314697,198136.002655676,610.15622817412,1.26352121152847,0.0128186813134212,0.431132804062899,0.00439627273999078,1.94488156846795e-06,2.12157360223995e-08,5.69998353217503e-06,6.18212572012053e-08,5.02189975204015e-07,5.24736134658347e-09,1.47163227460751e-06,1.52766037673856e-08,2.18875661786964e-06,2.42067960167273e-08,7.36816165050496e-06,7.72720077955065e-08,1.90553210715249e-06,1.95674704410994e-08,0.296371882714683,0.000655435847663679,-0.0833789957176167,0.000371652703355442,0.151081986314041,0.00138529119607945,0.00471363934209223,4.84788042974405e-05,0.525888802019972,0.00386688200678951,0.154745461432011,0.00109057986995189,47.9675042945879,0.303458770806028,1.0572738775699e-08,1.10431356012178e-10,3.29822545594214e-06,3.66516522104024e-08,1.2775892232098e-05,1.46301782956556e-07,53.9410920038166,0.338863531312015,0.173984277629778,0.00121107671393338,1.45152089513826,0.0139758226997073,2.50830067774571,0.0258265358112025,52.8125627233745,1.55664012338612,2.60404240951959,0.0106673583533655,225,656,656,656,"2019"
"all",2019-08-29,4.20227857931566,0.0162896296939611,1.61562587464486,0.0152384612521673,2.42843942640741,0.00875082054644175,6.23804570852142,0.00776928408077864,0.0294805348817853,0.00011921719271819,0.0583116123077496,0.000249046614433904,0.265953399289988,0.000481717979212028,0.889633865095675,0.000417797592251284,202366.52428042,738.85779177684,1.3294010047133,0.00964670672177937,0.461246860019807,0.00337762276120353,2.06109750008669e-06,1.7245049334046e-08,5.93968799155063e-06,4.92744709979134e-08,5.12133031141297e-07,3.91226139862822e-09,1.47605648433898e-06,1.11713403192602e-08,2.31731716614439e-06,1.94749924276079e-08,7.77103656970362e-06,6.62199650121507e-08,1.92662104081502e-06,1.45201480006781e-08,0.298899334409786,0.000506641319995195,-0.0839008633997046,0.000218990765208785,0.156931439083178,0.000794525971245441,0.00466511535679539,3.33312546816285e-05,0.494479429081262,0.00242201111744829,0.150975516720615,0.000683228095582444,48.6278356104408,0.20535792905905,1.06107713830028e-08,8.36001573744604e-11,3.4254471981342e-06,2.73843374701931e-08,1.37804307750022e-05,1.18958051392932e-07,54.6559473136267,0.229141197445259,0.169678160805682,0.000760528850262174,1.5429808777737,0.0110305671522823,2.74053913226893,0.0204101063545228,47.7187080964425,1.13955580028003,2.51273142651837,0.00648010067738296,241,1216,1216,1216,"2019"
"all",2019-09-14,4.15030374644936,0.0251582620692734,1.53328538512339,0.0222781562199156,2.45073106907297,0.012290701237833,6.32042218326986,0.0114297183688645,0.030169612169545,0.000168431807020997,0.0594679817104938,0.000341504759672502,0.274978800066586,0.000674490387792959,0.890107576814906,0.000584461591871041,205910.533722339,722.181502096984,1.36415767186004,0.0141731235537927,0.481120882726189,0.00506416113999984,2.09037906312624e-06,2.28965193995902e-08,5.92754755237922e-06,6.41969453134684e-08,5.27870708472589e-07,5.66822426106841e-09,1.49663923205997e-06,1.58582921322834e-08,2.34985660154681e-06,2.59754323349522e-08,7.60958892018478e-06,8.30035182611695e-08,1.91916993693082e-06,2.01590981190422e-08,0.30892021599819,0.000733576822380873,-0.0841927258451392,0.000279720569142491,0.16651188381749,0.00105951375763932,0.00459315992093116,4.41877398641288e-05,0.525896460991757,0.00430119226525969,0.167572325618344,0.0014972134183267,54.8751918954652,0.474519124267698,9.82096311965964e-09,1.06903514313704e-10,3.22624997225036e-06,3.59540940717782e-08,1.27779003897e-05,1.43856457896255e-07,61.6716894120092,0.538825603136467,0.188314769407654,0.00169724050918022,1.55544962414021,0.0157805848320751,2.61426928350016,0.0279029034930207,59.1864580918645,1.52854187290142,2.4783723103471,0.00746189383415764,257,667,667,667,"2019"
"all",2019-09-30,4.13870283053524,0.0278039074231239,1.50187751099895,0.0287551632892348,2.46291104096106,0.0161616803607725,6.19675619574799,0.0205884907884535,0.030109833682427,0.000239562299858819,0.0595835703746255,0.000503270704766161,0.279587580683245,0.00103430356762923,0.884234596943033,0.000937781408001613,188065.219365578,974.948094052622,1.42434675045226,0.0207570348890072,0.508490833871323,0.00765518599110479,2.41345811393168e-06,3.95409029904228e-08,6.75392552874747e-06,1.06080850479558e-07,6.05743872473043e-07,9.95339794166523e-09,1.69530396243337e-06,2.67469260517529e-08,2.73033533831968e-06,4.48077756701991e-08,8.62752981967097e-06,1.38021287453181e-07,2.16531918652308e-06,3.47038081101255e-08,0.316266515374035,0.00118718443935357,-0.0884848090916358,0.000421090063277609,0.172431369300911,0.00162700866531021,0.00481638206956091,6.35277416107442e-05,0.508457021224903,0.00510050948265107,0.162693490712275,0.00193314336526651,53.3639957898819,0.580251503753751,1.14608451069806e-08,1.69992243587453e-10,3.77764852459501e-06,5.72733861909223e-08,1.50323114118174e-05,2.25244632907296e-07,60.3814240190832,0.66311120513084,0.184083586011783,0.00220500940014858,1.60802400785141,0.0235982474820651,2.80468126069288,0.0390736040144755,93.9023633277279,2.77853503337793,2.45346643908655,0.0118996208425975,273,348,348,348,"2019"
"all",2019-10-16,4.19567641871316,0.0352993920320858,1.46082972784837,0.0350522189870515,2.54753969042074,0.0216347704572865,6.23716399329049,0.034282601018161,0.0313882318280992,0.000341127380511318,0.0619376083658565,0.000700720304540071,0.290218516048931,0.00174783013364505,0.884830208903267,0.00170750316701036,191231.413488089,1158.3835710315,1.47484415585086,0.0252938230688223,0.53010262328954,0.00929395959109164,2.46794653879352e-06,4.63888532047378e-08,6.86931165495036e-06,1.27352620151215e-07,6.35465409214506e-07,1.16153240505304e-08,1.76842759653127e-06,3.17654120593145e-08,2.79185106123723e-06,5.27245209157345e-08,8.53542782342784e-06,1.6193648972374e-07,2.19718250758904e-06,4.05001755407385e-08,0.328262714138747,0.0021268239169794,-0.0901722039495196,0.000620688167202282,0.195250749720127,0.00219735235406833,0.00509375285312312,8.43964165148331e-05,0.506859838853555,0.00667107065837513,0.160876016298768,0.00222991003427213,52.4563343237293,0.669430287170916,1.22672086777532e-08,2.17768096729117e-10,4.01713904099685e-06,7.34037227410595e-08,1.55610806853317e-05,2.83279811720743e-07,59.3309635691821,0.76143817326722,0.181949393242107,0.00252862356998243,1.6170091631244,0.0271577099256982,2.95640255816291,0.0503480170530379,87.9369844845363,2.7868286075294,2.40424874582464,0.0123566443923043,289,210,210,210,"2019"
"all",2019-11-01,4.39382757099581,0.0374894457328515,1.77161888872654,0.0470298064445061,2.45598529845896,0.0237585812092619,6.09182805242673,0.0443536983703495,0.0281808192540013,0.000366799720549201,0.0554674673090938,0.000780084089953603,0.281301732739093,0.00170052052484203,0.879350323072622,0.00222122964217293,175810.549470842,2152.1371250986,1.3911706540786,0.0320325088024335,0.501254859629651,0.0120591844447463,2.55687552953679e-06,7.03731389671069e-08,7.08255828281583e-06,1.84044543112986e-07,5.94889578878514e-07,1.51172091881353e-08,1.65067475072563e-06,3.99786949019302e-08,2.90858571320354e-06,8.00470825062475e-08,9.06798310380393e-06,2.35576370165067e-07,2.112493550971e-06,5.12721214289455e-08,0.320138454666824,0.00206259184782342,-0.0890137511764614,0.000766452905007636,0.187671185686166,0.00266613490428654,0.00493116377344767,0.000103214691416521,0.520121620133786,0.0110635299861293,0.162748155518606,0.00349347302595193,52.5444212657344,1.10089490871638,1.17269951697395e-08,3.30691951467676e-10,3.79809449430702e-06,1.10273946240994e-07,1.60806567510892e-05,4.08458263412266e-07,59.8204902919634,1.27701711382173,0.185270548162846,0.00403977971653881,1.56256750411945,0.0351942331940333,2.80926276148262,0.0725895460096124,101.30943960707,5.6834891907366,2.38796219287659,0.0154989182348517,305,142,142,142,"2019"
"all",2020-01-01,4.33315426033813,0.0304386089889857,1.61145310461908,0.0355168946415879,2.54660463229918,0.0192322428418959,6.17282086120539,0.0275650440770132,0.0296555757200047,0.000282398272901667,0.0590504471099738,0.000577891227471925,0.258551131724279,0.00128033194223416,0.891057003628124,0.00107752546942791,163886.194829023,1511.99052530394,1.35990953290617,0.0256578479399638,0.467604792640581,0.00912200689033802,2.58173440207975e-06,5.54040903337456e-08,7.49801438113335e-06,1.54084684039492e-07,5.68703236169942e-07,1.28902907662044e-08,1.65114045332288e-06,3.57336745101387e-08,2.90189104872033e-06,6.38753226671251e-08,9.9274624952663e-06,1.93194344811876e-07,2.18257024282555e-06,4.39102843153276e-08,0.290324876730141,0.00156406150430555,-0.0830988529182616,0.000682847452842366,0.170768289102167,0.00163151534542835,0.00481490422772347,8.78509091075382e-05,0.527714347464605,0.00731780571167667,0.155007771399601,0.00206200064614828,50.8751072099113,0.636036467557771,1.12046792395282e-08,2.17180290608184e-10,3.70126015037376e-06,7.64985083008012e-08,1.69252923396519e-05,3.67840425253563e-07,57.1266558525284,0.726511963162874,0.174023449812092,0.00233413423771463,1.60094096036529,0.0270714909203718,2.71501624179687,0.0476391608356578,48.4066922582073,3.01227684737644,2.39893090202948,0.0133887098235158,1,231,231,231,"2020"
"all",2020-01-17,4.17512374178407,0.0449635310900047,1.44010377013441,0.0367099202437151,2.52881619788063,0.0276640439079557,6.10955556758164,0.0429554042191312,0.0295947181382382,0.000363045794900775,0.0588253594386547,0.00072923417656942,0.259752757809489,0.00146533104287748,0.883334442141092,0.00234357690374885,160593.630102015,1163.3624497266,1.32922608129264,0.0280244534780698,0.44955781189167,0.00956838163015565,2.49891053061435e-06,5.82649643794731e-08,7.37992443643932e-06,1.68242933537914e-07,5.52638894446129e-07,1.22482614330415e-08,1.63304114740817e-06,3.55529048598829e-08,2.82787591099096e-06,6.53975445028643e-08,9.59739421294601e-06,2.14790828972457e-07,2.12453746185439e-06,4.54843352193273e-08,0.294202345534438,0.00165636809377884,-0.0851772720854597,0.00071164253712746,0.152599526023808,0.00255276680204095,0.00436943084237265,9.21140028066985e-05,0.56820889314379,0.0118566482079667,0.172364560888801,0.00367618325092401,58.4182670255267,1.24976555970948,1.00001301236683e-08,2.59923452509727e-10,3.39591520656161e-06,8.95870571023343e-08,1.52368994508002e-05,3.88757157518898e-07,66.2198152619797,1.42797382220512,0.195400318814295,0.00420389687493005,1.52522887666818,0.0311661221823261,2.42758798855771,0.059566080905449,69.737779807999,3.39367334220583,2.45260180467367,0.0134542434024123,17,197,197,197,"2020"
"all",2020-02-02,4.37780270911753,0.0301557343464265,1.62517651587,0.0258453560447829,2.59202885751923,0.0192020896082341,5.98174168335067,0.0391180724753081,0.0299537421863837,0.000222052985329083,0.0596837364783924,0.000447204668570218,0.257637504177789,0.00101944662480977,0.877695694358812,0.0024888482076622,175608.004448243,1221.31010437307,1.30959657031215,0.0226151400676072,0.441861250851717,0.00776305700595484,2.23491052855058e-06,4.25427814639544e-08,6.61907141880851e-06,1.22926437293651e-07,5.15970764918684e-07,1.05193544476481e-08,1.5277127918659e-06,3.04008458817026e-08,2.58250589142243e-06,6.35464259050601e-08,8.63797227935307e-06,1.51913216399914e-07,1.99661398604596e-06,3.86357724215939e-08,0.294984730066151,0.00223945537412926,-0.08053841719973,0.000639096405714884,0.159746977799945,0.00162367058403426,0.00426966028557351,7.0574058030296e-05,0.520144604989684,0.00656334139900858,0.1554545276621,0.00199296338224721,53.3933381866698,0.627882250593392,9.79884948821504e-09,1.94898263261775e-10,3.38661555670672e-06,6.92109408125311e-08,1.46177062577182e-05,2.6647227578674e-07,61.3987034742306,1.06755752302447,0.178757214527771,0.00323329684846167,1.49528174560065,0.0240674351134472,2.52100365035752,0.0401648841484426,57.6893503442407,3.16228254134314,2.4599736399737,0.0159438973360651,33,288,288,288,"2020"
"all",2020-02-18,4.06861766263058,0.05365150137824,1.39512646888432,0.0438679645658849,2.4524075520666,0.0329067392813539,6.02319703102112,0.0769139107104146,0.0291470507748033,0.000422002293927951,0.0577630988469249,0.000858706154412185,0.283246553571601,0.00218260458319142,0.87495443444503,0.00396869652332637,169923.631431293,2545.34721973352,1.4104111934963,0.0355421649473701,0.478500653411213,0.0124871012407308,2.51039562755474e-06,7.87530148670642e-08,7.40091650710581e-06,2.26276026891844e-07,5.49472681241717e-07,1.77185229434112e-08,1.61690319248843e-06,4.96685264749903e-08,2.87228044387903e-06,9.0670533573625e-08,8.85063517514852e-06,2.62958393174171e-07,1.93664070222802e-06,6.10463154100016e-08,0.324150479094808,0.00267904588348615,-0.0870039396772259,0.00101490219042915,0.162992851229508,0.00388390268386937,0.00435746425897073,9.94371343746474e-05,0.56716497698555,0.00996994131838394,0.17926755362118,0.00319568663797057,61.7329188349234,1.027603037566,8.97652073152189e-09,2.83085447625047e-10,3.10278452698475e-06,1.00367645857368e-07,1.42394232072772e-05,4.76591918306442e-07,70.6131497069012,1.17626557594231,0.205029920977205,0.00364521695781726,1.47861757074226,0.038310620993347,2.36544462310333,0.0631695394539192,64.5485148781224,5.53953210440205,2.63563644306406,0.0231020116054364,49,95,95,95,"2020"
"all",2020-03-05,4.22879626353582,0.0384993296679954,1.50509290339103,0.0330195784161639,2.52976926241392,0.0243905596427487,6.01824206040229,0.0509348553428548,0.0299655120060952,0.000308619932390763,0.0594944503434278,0.00063862392471217,0.278521146027394,0.00170830084312772,0.877166995295772,0.00243761322524083,162891.84601058,2201.72675708818,1.29351656327461,0.0388003256767311,0.442262541065797,0.0134884442048876,2.43798364496948e-06,8.27354841669466e-08,7.13011276422717e-06,2.38237319758209e-07,5.58184955788072e-07,1.86531180450835e-08,1.63176099209313e-06,5.35640517345168e-08,2.78680388222047e-06,9.53651429949346e-08,8.81150566908612e-06,3.12078996190706e-07,2.01387526241359e-06,6.97196587492597e-08,0.317820286702786,0.00204294930944692,-0.0839611297174368,0.000715184469524416,0.167550024026392,0.00290044428039382,0.00384219923897634,0.000110133392105175,0.47667609065286,0.00937499639972206,0.156813262557631,0.00330625762783753,54.3476247750583,1.06464941281913,1.04235551150858e-08,3.59267346888865e-10,3.63140736270414e-06,1.26870548796581e-07,1.597598099191e-05,5.89211585182208e-07,62.0148714987986,1.21815025649578,0.17894692891159,0.00378462846351681,1.39394490222134,0.0430280666320038,2.50968698470842,0.0771010198480174,106.806355352755,6.02783657002024,2.43095774629828,0.0192125966362039,65,162,162,162,"2020"
"all",2020-03-21,4.30186713039875,0.0317714329317665,1.52497510388494,0.0467890813729013,2.5765187472105,0.0291285106713143,6.1590328425169,0.0598218437909032,0.0300887414487079,0.000444001005398642,0.0596521750558168,0.00092509648413656,0.270991897396743,0.00210206178486973,0.883675078302622,0.0029476058568187,122807.568327442,2067.52759571919,1.47687153182924,0.0589196403372866,0.509034666791558,0.0208180672638947,3.68980208597409e-06,1.39475003763131e-07,1.07054220105109e-05,3.94459689824213e-07,6.86716386562373e-07,2.88303400766495e-08,1.99169240278422e-06,8.14347305045463e-08,4.17155498043004e-06,1.55980787529157e-07,1.36370582412092e-05,5.13283388896857e-07,2.53218786928468e-06,1.03527376201742e-07,0.307046258484979,0.00280990553261034,-0.0768949989229441,0.00152444088555704,0.180486544051779,0.00375786589551161,0.00453899465642026,0.000168806038315593,0.47164774569812,0.0130275198593966,0.154930847493339,0.0045914927429081,52.4131045547198,1.43745456395972,1.33225606872466e-08,4.68049890738441e-10,4.5315027311182e-06,1.60386656277554e-07,2.45307725519133e-05,8.61232221136521e-07,59.3529813272426,1.62391134921384,0.175442834691987,0.00518072310588603,1.66066190611716,0.0669701356715297,2.96883499560357,0.101672846903778,136.114464557171,5.96076044904157,2.37267747899972,0.0188654701490082,81,80,80,80,"2020"
"all",2020-04-06,3.94021308502095,0.0632663411246799,1.45078896761141,0.0452033459451479,2.3021330717426,0.0308703690182363,6.07775244616822,0.0259374948395921,0.0279116135640632,0.000369168818327057,0.0552396638156384,0.000746355469846484,0.268896049001073,0.00166872904851472,0.888507904222348,0.00116374192019286,159976.500282995,2293.67369713799,1.34241485995734,0.0319104220498105,0.460497629422469,0.0110861274019757,2.60441302180177e-06,6.68514264163177e-08,7.58517839694484e-06,1.89632487869514e-07,6.27516270874627e-07,1.56398813626125e-08,1.8288772295801e-06,4.4882245382313e-08,2.93458718630818e-06,7.66940516043432e-08,9.78734311244858e-06,2.75508070784351e-07,2.34599706406593e-06,6.03340668156281e-08,0.302588188239353,0.00177262554397809,-0.0839252395667886,0.00103066286795107,0.172110203725583,0.00240446343033212,0.0050008412321215,0.000131125344031858,0.554488074761491,0.0128948993268254,0.162487892558268,0.00315100682501141,50.2938155077821,0.794186189214318,1.27500488211479e-08,3.46555791521534e-10,4.02336315954015e-06,1.21702903397738e-07,1.69541425117944e-05,5.58625462993391e-07,56.5487524881726,0.867377027920735,0.18262130344421,0.00345074924532068,1.52696433542769,0.0368688971781434,2.61704469072734,0.0752669402886721,105.104159758395,5.10950585849079,2.47347739365523,0.0142255542496466,97,149,149,149,"2020"
"all",2020-04-22,3.98048088602398,0.0519683134262703,1.26082815970902,0.0521076996356746,2.49101775625478,0.0279825658843088,5.89111377881921,0.0411070784014091,0.031190605915111,0.000445894005312025,0.0620017812141906,0.000900768092024272,0.265537233132383,0.0021586965710183,0.88224635111249,0.00180299396294558,154185.903868255,2548.60108057134,1.32719004737294,0.0382415595169998,0.455231958190384,0.0130725912564046,2.67838197575069e-06,9.66286386096302e-08,7.80025053498411e-06,2.78889817799016e-07,6.22697141479817e-07,1.94042725213292e-08,1.81550643140556e-06,5.67987036047635e-08,3.04085192894394e-06,1.12473948920859e-07,1.01512824118007e-05,3.85081366962734e-07,2.35264278171568e-06,7.52322312742849e-08,0.300979386120279,0.00236644048227852,-0.0891852076772762,0.00101389231509457,0.17645994392377,0.0028901070211751,0.00510058022438386,0.000150458280306345,0.531387409712902,0.0107675993198388,0.156813998592976,0.00257082959585073,47.1104789968774,0.720632679194304,1.33851316430921e-08,4.48008033601768e-10,4.04010399559301e-06,1.4164103352294e-07,1.74274793817625e-05,6.9069996577664e-07,53.3878879786183,0.802519081379493,0.177685458678674,0.0028576563408985,1.513860663632,0.0435721975358388,2.59036403065096,0.0788886853305569,90.0977181455363,6.20767627994854,2.43387931331716,0.0138334878643832,113,92,92,92,"2020"
"all",2020-05-08,4.15274463003204,0.0460391983027315,1.51192678856118,0.0357537170953512,2.44368857498,0.0264398268707322,5.59688986546895,0.0408883202112945,0.0286575044345485,0.000349344734459052,0.0566659079060047,0.000711295830067311,0.258524888101414,0.00148870839541167,0.875835652182088,0.00175401573276169,138859.883589203,1593.51248580513,1.2280136420882,0.0284750845748486,0.423250525219906,0.00990710837501919,2.72034107396879e-06,7.23858060115495e-08,7.88664873946085e-06,2.06303438288937e-07,5.95489037155471e-07,1.4323469211501e-08,1.72775593552617e-06,4.1159671517294e-08,3.1120906496711e-06,8.4342725045164e-08,1.05281949159309e-05,2.75431988806127e-07,2.30165643007117e-06,5.38625559597105e-08,0.295206500278555,0.00162678233996644,-0.0819693746695504,0.000876807691589413,0.182114992331147,0.00204862804364837,0.00494250212471585,0.000111508608365589,0.530434555312299,0.00854467549060626,0.156834546616793,0.00254927182444003,45.209578986287,0.663684920878135,1.32834147390612e-08,3.03145837657424e-10,3.86470386965049e-06,9.46774094825382e-08,1.77502763794582e-05,5.03753813596461e-07,51.6142925601733,0.747606350979342,0.178966891755501,0.00283831969262729,1.43097428685211,0.0321429574644585,2.39429531139526,0.0544435881785593,76.744673822053,5.11264845426002,2.51720186923059,0.0148837036371771,129,169,169,169,"2020"
"all",2020-05-24,3.89375215413278,0.0428976019524155,1.24604384237737,0.0285196909907665,2.41026451462194,0.0245660824866191,5.57977627202084,0.0250360749297155,0.0295303495535464,0.000285882157721586,0.0582817695969552,0.000577999552628287,0.254623530988108,0.00108676273780492,0.88165453212303,0.00126948181629347,168150.585559398,1436.88851936003,1.18885429361672,0.0204968905266114,0.404148787101567,0.00699844185629579,2.16614164565662e-06,4.41572820012475e-08,6.36378383080586e-06,1.27133014783161e-07,5.65023501837767e-07,1.02881206945641e-08,1.6614294143936e-06,3.00085849889889e-08,2.45949800771396e-06,5.09475380763885e-08,8.48285871884283e-06,1.66949753300421e-07,2.21348862358447e-06,3.87183211212577e-08,0.288856017462853,0.00120621678785266,-0.0891823965729329,0.000524068944562632,0.174825825096182,0.00191566540334406,0.0049479194855463,9.0173699233686e-05,0.521338627413652,0.00640947532598857,0.152363481349371,0.00172931852491156,42.459481818492,0.421486497774428,1.34562179500935e-08,2.46756904404117e-10,3.78451067098611e-06,7.40373416515207e-08,1.46390446761625e-05,3.50925269299298e-07,48.1348786516072,0.464181284109309,0.172664927994106,0.00189561438732243,1.39556177389759,0.0230195110262109,2.37739877048842,0.0425327498430958,61.533642339994,3.88454270581857,2.69708064463226,0.0144738110001263,145,285,285,285,"2020"
"all",2020-06-09,4.15021601172948,0.0208068820419074,1.50139125862938,0.0155433069998652,2.4621877011336,0.0105869089296359,5.59846968311999,0.0111026093984114,0.0297907345749189,0.000123467579740715,0.0589153791399227,0.000250921294164004,0.248966984956865,0.000437328270473543,0.886727178296076,0.000463995788854287,178538.577313771,775.70765256541,1.22165479466257,0.0112767654266727,0.413256419024575,0.00386603096058547,2.11047060508462e-06,2.56545891873309e-08,6.23086292343889e-06,7.38890021138127e-08,5.2278471328113e-07,5.24674468244165e-09,1.54466855481268e-06,1.52109381681823e-08,2.38387460705051e-06,2.94997494419617e-08,8.45616434823378e-06,9.94606471848041e-08,2.09630587129978e-06,2.04749761433384e-08,0.280781756378995,0.000478626644292172,-0.0879142221059483,0.000242030742170412,0.168611659518673,0.000776301407873448,0.00511728429475935,4.68319515716739e-05,0.521838582854429,0.00319334605587138,0.15165473625097,0.000805675054624968,41.8239047476715,0.19893095366174,1.26965138077168e-08,1.45510275570047e-10,3.53199487229485e-06,4.38411377078761e-08,1.43658276801401e-05,2.27759216258037e-07,47.1579967366875,0.221424209754668,0.170944787222369,0.000888257780809052,1.46957990763958,0.0133618811557677,2.46305340380626,0.0268970798716819,22.4116420480125,1.27128316772523,2.6352413294767,0.00696243949255927,161,957,957,957,"2020"
"all",2020-06-25,4.00796972976962,0.0279375579534326,1.3437277913811,0.0207164061563404,2.45732407418557,0.0152366642198346,5.75142132844744,0.01746536517389,0.0302451083497731,0.000187135476424415,0.0597578630652375,0.000381130394746154,0.255707608654915,0.000641254971837283,0.889263691165081,0.000785610994747238,174592.146928404,1052.28512324271,1.24879755800033,0.0134589750878769,0.419216684474721,0.00455454655720601,2.16006923182174e-06,2.49692645486229e-08,6.42891491274311e-06,7.28536944925907e-08,5.34141549154054e-07,6.22019674670712e-09,1.59066384050319e-06,1.8318330832323e-08,2.4314379750107e-06,2.85240743442569e-08,8.44897102373843e-06,9.71562425148855e-08,2.08801218871749e-06,2.39553577954257e-08,0.287581341815974,0.000698049800222287,-0.0909078369473649,0.000311352158017736,0.168072801342865,0.00111075210624888,0.00512627034966171,5.68305398330309e-05,0.55444031497648,0.00446336770250837,0.161375217094574,0.00118112787167805,45.2024012907568,0.300496076498772,1.20239036657894e-08,1.56996990345049e-10,3.38227364685715e-06,4.4835481709509e-08,1.37227643061473e-05,1.8713837609613e-07,50.7994106881045,0.325767013633315,0.181305835126735,0.00127611178238433,1.45593123019023,0.0152499547061567,2.33540199869475,0.0253403126225674,28.1227188437618,1.82534671047381,2.7958954824258,0.0115658951783952,177,579,579,579,"2020"
"all",2020-07-11,4.08105973521198,0.0243469816868647,1.43308647004269,0.0186985207112364,2.45878288823769,0.0117699271964729,5.84658958997937,0.00929508982793659,0.0302485615325109,0.000137119032074773,0.0599352386937291,0.000269147793165862,0.25697466607907,0.000470894959530872,0.891820078540043,0.000468329404310714,187402.136465601,598.724050802739,1.29806429510708,0.0108039664770259,0.436326847100528,0.00366094493362268,2.09739909768816e-06,1.96461776311215e-08,6.23515489938564e-06,5.71576405928091e-08,5.25015208185327e-07,4.50387180319776e-09,1.56143541095242e-06,1.32258095455694e-08,2.35321772953767e-06,2.22740931879178e-08,8.15571716182603e-06,7.38550228343883e-08,2.0415029987574e-06,1.69139254472869e-08,0.288163269266136,0.000520752673594992,-0.0912652437903672,0.000275523876339136,0.161414346590073,0.00097346174570342,0.00528361044907378,4.42304684816747e-05,0.583616480526085,0.00339665213527672,0.168648682112671,0.00086893124696753,47.9463901851088,0.222180855500176,1.10819302938323e-08,1.02770392455148e-10,3.16833087944601e-06,3.1023492313015e-08,1.26483284716727e-05,1.32605714610468e-07,53.758353280313,0.247216566815071,0.189037034226539,0.000955492571886317,1.51358302621794,0.0122952458938305,2.33668360094745,0.0207800362091063,25.3567383235134,1.27723316896093,2.78784199461291,0.0108530407472996,193,859,859,859,"2020"
"all",2020-07-27,4.21085034281495,0.0175771916799967,1.59935523131746,0.0151812038005291,2.43482887278409,0.00808983485162772,5.96443047207882,0.00581731653664384,0.0292785777926965,9.85027637872554e-05,0.0579914275493493,0.000201527020740234,0.259863427438655,0.000348215935557579,0.893640261696575,0.000176516547846076,213189.339256195,584.58327406767,1.34346481076773,0.0100892375240371,0.45433298878585,0.00340657874303647,1.92543717335858e-06,1.65146913991629e-08,5.69018726441406e-06,4.82191783034418e-08,4.98895382443409e-07,3.71428082142368e-09,1.47468176685619e-06,1.0893343041445e-08,2.15456859121496e-06,1.85453048329657e-08,7.39282891403514e-06,6.11629126349137e-08,1.9166659837266e-06,1.37780500160939e-08,0.290765775931651,0.000367855622751535,-0.087265054950214,0.000290601319103052,0.158689157792041,0.000756082761700982,0.00530969243518816,4.1472804778759e-05,0.600049988978555,0.00295770540279788,0.172820884718981,0.000760523047826835,51.2776911383577,0.214144342757926,9.78265770820978e-09,6.99636325695187e-11,2.91229402539808e-06,2.18909735365766e-08,1.12002580272387e-05,9.15319263115867e-08,57.3683619724345,0.236809911370962,0.193330907246943,0.000838222479732331,1.55863056306257,0.0111032170349216,2.35858994871821,0.0162895656641458,6.72125953030634,0.628143482638182,2.6135048923829,0.00732338062715983,209,1118,1118,1118,"2020"
"all",2020-08-12,4.11845349140625,0.0189727073815985,1.50021543949565,0.0153642406362337,2.4492061362712,0.00982028472338851,6.12303031857394,0.00963879209607315,0.02988946377035,0.000122704687373971,0.059173661051535,0.000246686072267323,0.265704933411588,0.000465596216552914,0.889754040321233,0.000445597071280495,210971.7920786,524.423714410961,1.3143166213627,0.011303669376907,0.450922804075239,0.00391372909018986,1.918656900551e-06,1.84091860643186e-08,5.59124474070856e-06,5.30760885443624e-08,5.30103983293334e-07,4.84429097132765e-09,1.54504252684018e-06,1.40058657182342e-08,2.15774848889358e-06,2.10222817696344e-08,7.21562683879275e-06,6.72207827949853e-08,1.99503929152831e-06,1.80693129593867e-08,0.298618623092833,0.000504840718213873,-0.0868770124118182,0.000256422273219151,0.14860330581281,0.00109922567378383,0.00493325600034674,4.1629033999779e-05,0.575032580547472,0.00241707725663827,0.170641904117031,0.000738245446687865,52.4540522666178,0.212038000178249,1.01106680717426e-08,8.6144112823535e-11,3.11038832214763e-06,2.66990680549447e-08,1.12500617362695e-05,1.00326854739553e-07,58.9498917468381,0.237159679001851,0.19175635269341,0.000820806552003228,1.50832470171828,0.0126722308165225,2.35146876736942,0.0186289727334616,25.4266077744665,0.851390007627578,2.64824164724143,0.00922714576772504,225,1073,1073,1073,"2020"
"all",2020-08-28,4.20127087058569,0.0194561825997819,1.55542503753468,0.0178083546613612,2.48280633476904,0.00993050641420525,6.26144767312932,0.0106649758748368,0.0303769229267935,0.000134941340713852,0.0601850300864723,0.000278474598071198,0.271555373403348,0.000584069084154943,0.889107390606493,0.000511549657641774,196717.959443055,833.461253507716,1.25006754988075,0.0123752173263169,0.432585137480512,0.00430749488593974,1.97410253842486e-06,2.08057451342654e-08,5.70419894936895e-06,5.97402810317807e-08,4.81610439332066e-07,4.84169992044489e-09,1.39185182482863e-06,1.39308654216933e-08,2.22088840467195e-06,2.34832715681042e-08,7.26453813361782e-06,7.45662588811478e-08,1.77489623872018e-06,1.75622522518728e-08,0.30542421683641,0.00063612119223227,-0.0833171279497092,0.000366806100941623,0.156604225019066,0.00113289403931726,0.00462262843951819,4.53603669483841e-05,0.562786690240828,0.00265618505051763,0.165259312515096,0.000895174341192927,52.7533640239212,0.272263577509526,9.20749046371515e-09,9.4009949473315e-11,2.94350164190769e-06,3.02745434744087e-08,1.2083756834326e-05,1.32148849806123e-07,59.3340182328718,0.305396238779079,0.185861263877133,0.00100136626295187,1.4151747108047,0.013575143867647,2.34453699268965,0.0231398321521513,51.9231473439972,1.49846720017536,2.47131437890496,0.00732132339658303,241,802,802,802,"2020"
"all",2020-09-13,4.15984886165323,0.024364575989676,1.4983300660769,0.0241069244624677,2.48030622252103,0.0128121444187824,6.25791255564525,0.0144150303365521,0.0303698597267142,0.00018611316609264,0.0600529362865049,0.000382917384208456,0.280828857280571,0.000784544639752367,0.888158783701987,0.000724196633348845,197945.887990006,939.027071049898,1.38108520461889,0.0176513132839089,0.483788301650403,0.00630277256848075,2.19174369456508e-06,3.01269715399508e-08,6.25800591906212e-06,8.4897854237266e-08,5.48211028950046e-07,7.30330401109177e-09,1.56458300156875e-06,2.04125013486013e-08,2.46914227096119e-06,3.4142273936355e-08,7.81699950957777e-06,1.07629766411415e-07,1.95497384578983e-06,2.60572398958536e-08,0.316233833463935,0.000886127728819533,-0.0827337114927198,0.000415333120965113,0.167455282537415,0.00156316325942442,0.00490289712296899,6.13193890258638e-05,0.551767161726785,0.00437281132273251,0.166206047875025,0.00155382409994172,54.402598917861,0.474933772868022,1.01911716996985e-08,1.31999463704255e-10,3.34836283276159e-06,4.4397313312766e-08,1.34106479092895e-05,1.88688499104581e-07,61.2735429954814,0.541663467389389,0.187188512969356,0.00176651833139114,1.53041891456093,0.0196141208663464,2.62115271986079,0.0329034934811357,71.6697223217323,1.95888136410197,2.48108705089767,0.00789728965515549,257,464,464,464,"2020"
"all",2020-09-29,4.19237520744992,0.0199126690890412,1.63026965868921,0.0195302104566379,2.40031670126205,0.0100142667702548,6.3147440899031,0.00946977942609657,0.0297022102098809,0.000134777207275245,0.058813511132605,0.000283283033362966,0.282608507512743,0.000536779834267327,0.889992874915735,0.000425319893195503,218127.296604252,706.126987763628,1.44227411293661,0.013014677449756,0.518119648999592,0.00478786277010914,2.1263821276363e-06,2.07728429875509e-08,5.92245576681266e-06,5.70169727982992e-08,5.54128706614855e-07,5.23254473132309e-09,1.54310167547121e-06,1.4322055752978e-08,2.38936710247054e-06,2.3340851268721e-08,7.5290131413942e-06,7.36478553441105e-08,1.96300488599355e-06,1.8650357612164e-08,0.317549996923157,0.000591357322790546,-0.0853124843500506,0.00027587602158525,0.174866958875186,0.000928362727746249,0.00509185784058475,4.34397652855153e-05,0.591782996135603,0.0043318757713891,0.185239665410786,0.00149511623373485,60.119734124488,0.462925811385892,9.44520265535854e-09,9.11386286163322e-11,3.07820953053087e-06,3.06201543804101e-08,1.17876091143067e-05,1.16957568596486e-07,67.54363434924,0.519796022962408,0.208098595733126,0.00167644170452186,1.63228546541329,0.0149760864362732,2.55422474673078,0.0236167846877737,44.8178916916702,1.04780059527897,2.43817172350615,0.00710598417530024,273,759,759,759,"2020"
"all",2020-10-15,4.24834126713632,0.0316533918790281,1.6076768505482,0.0422011241374284,2.44156120974442,0.0243338029251973,6.19566348229332,0.0349246992037411,0.0295697172739725,0.000358993696332354,0.0575711300018533,0.000772817527439717,0.289428359646907,0.00154030273147712,0.883461323962815,0.00177543103148218,199736.070673033,2402.29031071776,1.71772979876433,0.0361779003590973,0.617170093773768,0.0135593307197364,2.77583379482504e-06,6.64122196346003e-08,7.72200501096609e-06,1.76245895688825e-07,7.19943607661557e-07,1.73886912735221e-08,2.00207541767448e-06,4.61035096646085e-08,3.15096142310231e-06,7.77223653888561e-08,9.62160216780227e-06,2.39580703078493e-07,2.48522954735096e-06,5.86021401885929e-08,0.327789764347578,0.00183225419699039,-0.086517127787416,0.000903809475365961,0.186421342210851,0.0022888513582371,0.0060207322407111,0.000110082752850431,0.558432792380279,0.00561813487942875,0.176208671906376,0.00271945164165293,57.0692661356939,0.826751051403902,1.25957828690882e-08,2.37068390997577e-10,4.09113938570421e-06,7.82592560504535e-08,1.5897914002419e-05,3.41528940329444e-07,64.6674848408492,0.955387648817619,0.199670143064391,0.00313544282905056,1.87995640322849,0.0402090167115311,3.10093904716627,0.0540152910699865,57.8422132562632,2.83674293826262,2.47026651589768,0.0149738175120186,289,174,174,174,"2020"
"all",2020-10-31,4.34340573179311,0.0393451809835606,1.71530674485297,0.0357736644484285,2.4670248648216,0.0228191951983125,6.30977259997664,0.0363517735150318,0.0286530541384528,0.000281489670754623,0.0567070188065027,0.000585729968376621,0.28995451290032,0.00143689413556159,0.888500172105329,0.00177901846945615,174861.389773367,2099.22922145377,1.64806427544561,0.0347014745991662,0.597512559078891,0.0131695288502941,3.0656129549892e-06,6.76136620435203e-08,8.47532443087345e-06,1.85416981761088e-07,7.41046775958604e-07,1.57376756439214e-08,2.04599445698434e-06,4.21329347808765e-08,3.45136739443214e-06,7.60172754795655e-08,1.05916949148948e-05,2.36299765170222e-07,2.55548507262961e-06,5.29528433810522e-08,0.32652738326665,0.00175619324654707,-0.0888375281773765,0.000751240057205676,0.184943584776434,0.00260680631473321,0.00599170712115553,0.000120474784199204,0.54522331531772,0.00840275035235032,0.167718838532056,0.00330774028557592,54.3955463198078,1.00161349872937,1.39537112375729e-08,3.05600002915407e-10,4.54979316948524e-06,1.02263722979506e-07,1.89306385803977e-05,4.71462685762338e-07,61.3254137364075,1.16685522931367,0.189106992978875,0.00384684308645684,1.82888892064853,0.0389140661772026,3.25160999057175,0.0732679922644831,81.6586872791422,2.57240380425265,2.33195638047276,0.0158167974861562,305,145,145,145,"2020"
"all",2020-11-16,4.19552386112702,0.0514243092633001,1.55931485004914,0.0610438333625203,2.46098331304697,0.0282477684223363,6.18392619108542,0.0883416869550428,0.0300094788559736,0.000657607537041626,0.0596944068868955,0.00133128017138786,0.274084995190303,0.00325702564742652,0.884834662461892,0.00451250273184353,150872.786638148,5996.51343721821,1.44795058629452,0.0595802183091678,0.523165132372807,0.0216949009732048,3.17810179322644e-06,1.50063696837631e-07,8.8197545379581e-06,4.27171520843557e-07,7.09754581065988e-07,2.88746115553438e-08,1.96705978855839e-06,8.11045651615992e-08,3.59342489233796e-06,1.68700786880755e-07,1.17141403018734e-05,6.01342804325538e-07,2.60311159670291e-06,1.10831984067076e-07,0.310205315620451,0.00430575613838178,-0.0904678791188276,0.00163032121529269,0.232499514569476,0.00665005300236575,0.0053817042016544,0.000232464448100361,0.548209727222283,0.0138977301124608,0.164561215287264,0.00440147058186198,53.4523490384339,1.40604472356361,1.37106321960065e-08,7.52095070788075e-10,4.46902463667939e-06,2.5157707668148e-07,2.02144765424436e-05,1.36049120832136e-06,60.5003625271913,1.64915904816382,0.186239864654699,0.00512840326843518,1.68791076033289,0.0670538474494983,2.89424981805934,0.153850024413119,93.1648602118858,5.11761852094024,2.32046507652847,0.0212772302585179,321,39,39,39,"2020"
"all",2020-12-02,4.07511839133043,0.044756464223553,1.15885038650953,0.0634399600194704,2.69164211933429,0.0433909722015518,5.99948665912335,0.0673456474734895,0.0333823173091962,0.000681924041941819,0.0659237670210692,0.00140834134397832,0.264496121498255,0.00257475162256774,0.879075049437009,0.00309800912759886,166177.851014612,2405.0024399019,1.47223686163242,0.057981515037878,0.518514789755528,0.0215759973898525,2.795881316689e-06,1.2890364256275e-07,7.92754685504718e-06,3.4605818756463e-07,6.72547833227235e-07,3.10738466123076e-08,1.90905550317903e-06,8.34261181914146e-08,3.18631541153822e-06,1.46990389590546e-07,1.05143738198626e-05,4.41190463238001e-07,2.52900093798932e-06,1.04643095775182e-07,0.300943149821338,0.00282778916151801,-0.0899260567931029,0.00118884936196362,0.172579580787566,0.00659751174055835,0.00561632134837777,0.000177452862405368,0.561685594539566,0.0110374811945498,0.162433189065903,0.00471871554293857,51.4756939525475,1.44406083442061,1.30328040937594e-08,4.17142808822225e-10,4.13866494977835e-06,1.36557587231812e-07,1.73203807752229e-05,6.76308906846145e-07,58.6116929918695,1.65208859574034,0.184977361195259,0.00542007152384307,1.71319595652035,0.0638175254585377,2.81972649953825,0.0928598451040778,75.6019571964557,5.15839571061575,2.37162443325078,0.0208273459965767,337,65,65,65,"2020"
"all",2020-12-18,4.12359197934469,0.165565186707157,1.35356769959132,0.16984027363721,2.54266913731893,0.0695867818808948,6.13680104414622,0.156077030041845,0.0307016225221256,0.00120798696277678,0.0613795559232434,0.00241813170154127,0.284450314939022,0.00815552074693459,0.8869708776474,0.00736427215840091,154704.297799056,13236.0637156732,1.87884639700254,0.142428370679718,0.683559509615103,0.0577088106143379,4.0078448610688e-06,2.71384101696025e-07,1.10936827386174e-05,7.52251033053457e-07,9.32139786099522e-07,6.22520702865995e-08,2.57011150384541e-06,1.56351073312403e-07,4.51019590459807e-06,2.94901969287392e-07,1.40993193143542e-05,9.12359522970346e-07,3.24704209245152e-06,1.49302583083259e-07,0.320536148034562,0.00826048143008512,-0.0901898434385657,0.00412149564709646,0.175204464371163,0.0237536734979736,0.00606772834200282,0.00029487187911223,0.595518420103948,0.0239372810086049,0.20426844943395,0.0182798005813151,67.5037522770444,6.16211933902618,1.42748315400298e-08,7.54437264971984e-10,4.71168834470913e-06,2.53872845992282e-07,2.09499611420367e-05,1.9623201975689e-06,75.929315832837,6.71314916683526,0.229876482801228,0.0199583030345201,2.10361184350653,0.137406555509644,2.99402275933624,0.123166564272072,109.737446943919,11.6091876924446,2.36017104220875,0.0271621925433601,353,12,12,12,"2020"
"all",2021-01-01,4.20288550853729,0.0439743894846713,1.44444127099063,0.0451981101407909,2.53951710615403,0.0263525378540545,5.97338528510852,0.0638392040037164,0.0287921903177332,0.000415498707898646,0.0570675505277438,0.000860207916229467,0.272691039511791,0.00247833044395849,0.884638821467375,0.00308191521753595,133064.90367974,2537.80454834504,1.41997661307836,0.0606315250122641,0.486109371464222,0.0214425937723111,3.29281526972784e-06,1.54805763031827e-07,9.63824650894181e-06,4.46662803414779e-07,6.4073010037137e-07,2.92544563206229e-08,1.87149765042031e-06,8.29075823231748e-08,3.72602097803717e-06,1.74612562461923e-07,1.20680455620167e-05,5.62770933912403e-07,2.34537877848309e-06,1.05205788879911e-07,0.308758687443751,0.00335599273829552,-0.0908420396347841,0.000790103189366287,0.173931509798924,0.0042327342396625,0.00512100429538784,0.000198520376948261,0.544151540992785,0.0110900475513883,0.155792880464827,0.00368523938890151,50.9213287645342,1.18009693336266,1.24918478394622e-08,4.90081778867776e-10,4.08604368351166e-06,1.60378219275186e-07,2.11425167355284e-05,9.08684619091152e-07,57.6753719631498,1.39363644190195,0.176440198286029,0.00433537296661327,1.5696911504086,0.0668546984320904,2.73867924818239,0.102787960171628,105.244285607949,5.6735872339254,2.45684834381397,0.0227326276584417,1,78,78,78,"2021"
"all",2021-01-17,4.16445586599153,0.0509228048062662,1.27413752777823,0.0574400872750783,2.63999804135027,0.0352474849819625,6.34841729854715,0.0201058619081073,0.029263467752728,0.000571400243716506,0.0581618340621734,0.00116478262854551,0.263741600102392,0.00282934001835798,0.896312808168345,0.00073046842882657,159820.089780136,652.9196210652,1.32915667624309,0.0895470085599116,0.439450646782744,0.0297432390958791,2.47786410593111e-06,1.75909461963046e-07,7.49481129472621e-06,5.30042596876426e-07,4.96694714424871e-07,3.59896428803161e-08,1.50215448396389e-06,1.0831839435726e-07,2.7631115935554e-06,1.95242577396094e-07,9.33449002509364e-06,6.20706568387728e-07,1.87113597560661e-06,1.26922328027155e-07,0.29420382713691,0.00298336413151074,-0.0929980172679342,0.00097133818546514,0.152685057430072,0.00396532491401136,0.00494370385777553,0.000331714624535591,0.599126524836581,0.0163239671828331,0.163730604767843,0.00414137709080869,53.1304012009788,1.32664280975488,9.34128782672994e-09,6.65340586251115e-10,3.03202893878324e-06,2.16409243682369e-07,1.51335660052136e-05,1.06234499085692e-06,59.283349992736,1.49245186620021,0.182688516795023,0.00465039758246813,1.48544621259781,0.0947613975343174,2.40599448014974,0.160462879089079,23.4554231084626,4.09150277118844,2.66718112364996,0.0424004438652983,17,29,29,29,"2021"
"all",2021-02-02,4.30558052180726,0.0337522448263536,1.35097713234984,0.0417414401248109,2.75062724101691,0.0257872913711891,6.11909907835501,0.0787126915788006,0.0312387979140988,0.000343917144864481,0.0623216469438724,0.000707057322873727,0.269889732937754,0.00186495781691971,0.882307536808061,0.00435515612296285,141102.098885625,1232.44713004892,1.41575563114918,0.0414504392627188,0.474130111252084,0.0139706813605273,2.96747740967607e-06,8.76505086723847e-08,8.85885512600385e-06,2.59148718404652e-07,5.54961144128519e-07,1.83786452261274e-08,1.65609225371458e-06,5.40899768891521e-08,3.36412745389431e-06,1.01018228454584e-07,1.09713818149189e-05,3.14537909580415e-07,2.05193436662263e-06,6.62041303680622e-08,0.306469455327062,0.00259066014560083,-0.0864573615936585,0.00118667620503319,0.160895127451094,0.00290465999629774,0.00478763778895551,0.000136265231903117,0.581275799766649,0.00728354233749849,0.168921052874843,0.00280330703874843,57.565582342868,0.897111831478841,9.73356935934093e-09,3.49663433583031e-10,3.32739697735824e-06,1.22930053758312e-07,1.77240599938258e-05,5.64093656246837e-07,65.2026044904053,0.942280805024176,0.191278048202141,0.00294261957962917,1.54960820218271,0.0450727947780715,2.49613198733697,0.077187588132954,80.2863286924951,5.68788019625568,2.45101138159776,0.0201148910700914,33,81,81,81,"2021"
"all",2021-02-18,4.18512327671051,0.0696791732064663,1.30112108960748,0.0743999992919922,2.68295668959618,0.0344321331503143,6.15444152355194,0.0879486228800574,0.0329537519719452,0.000546902147421331,0.065800913143903,0.00110949307462491,0.274959013611078,0.00265442533770367,0.885469804704189,0.00398447807439133,177667.818846305,7863.4934377686,1.56525677740574,0.0732463718949729,0.525689104571938,0.024962787280018,2.87376430760103e-06,2.23171897404446e-07,8.53754138245635e-06,6.46945560195719e-07,6.26519522016153e-07,3.20849058122447e-08,1.86444146047172e-06,9.33454948183899e-08,3.25061756447181e-06,2.53360210705043e-07,1.05994213866259e-05,8.86235145481403e-07,2.29410640107099e-06,1.2621671687599e-07,0.310875559811349,0.00358700770210235,-0.0807823944836855,0.0015213775352325,0.165263244096974,0.00371654280282913,0.00501663134693986,0.000206125916583745,0.560780777129697,0.0161448518667019,0.167770569531335,0.00543471563071454,58.1229060721224,1.7479175571354,1.09462350007073e-08,5.36699184115445e-10,3.81204307380358e-06,1.9176788296245e-07,1.74372542100627e-05,1.27683566435172e-06,65.5649016488999,1.88798468334604,0.189216607478844,0.00588212282510346,1.69710716808176,0.0834400411960699,2.81994190670876,0.127925309264187,70.8453133583069,10.1085091337435,2.49500473407043,0.0359764643084251,49,40,40,40,"2021"
"all",2021-03-06,3.98260810409767,0.0685349660534517,1.44272318676762,0.0561847892096394,2.30757821038149,0.0369295112595368,6.11809798600017,0.0779675093117886,0.0277345280257472,0.00043661305154405,0.0548578934555036,0.000901897591020355,0.289767781245536,0.00211282666163155,0.8806418992471,0.0037793480919852,164975.859361156,3613.21232653894,1.4779938303906,0.0629870307275441,0.499131280658902,0.0214083594671963,2.78856362009498e-06,1.42784824367734e-07,8.25324114620729e-06,4.19239954793705e-07,6.71651715292936e-07,2.54999805863766e-08,1.98892310704245e-06,7.50785450410741e-08,3.18737043574638e-06,1.70206567922459e-07,9.66670589682789e-06,4.96374422157629e-07,2.31405555796341e-06,8.36833488997487e-08,0.329396962887015,0.0026925102210742,-0.0885954251701849,0.00153002115497391,0.177575770465577,0.00358111294196461,0.00524700323483882,0.000174122688303152,0.634894721414467,0.0130080726730605,0.173502692550422,0.0045239639435996,59.2340373484568,1.51765010910093,1.14839337993261e-08,4.12392009597191e-10,3.93010956678472e-06,1.43403949150428e-07,1.62870710618327e-05,8.1486325043802e-07,67.321836933657,1.75522673802238,0.197132742810671,0.00520214821155763,1.5090983215968,0.0598725433291,2.53646368563484,0.0871561411768382,169.577254060386,10.0937236694418,2.61068433562174,0.024145356548947,65,69,69,69,"2021"
"all",2021-03-22,3.92089290089077,0.106776326346891,0.991126088632477,0.0960957370508314,2.65743271509806,0.0551159810776828,6.24781150288052,0.0423143099445767,0.0340315247368482,0.00122733461245208,0.0676261507388618,0.00242951989904468,0.27141813437144,0.00272190476760864,0.891708652178446,0.00108883229294395,166195.375546242,5599.9977168921,1.42318863338894,0.101692749205564,0.490674310260349,0.0354020227512719,2.72134913282232e-06,2.50814966905504e-07,7.89210671029409e-06,7.23840907917241e-07,6.51305174215023e-07,5.17114973682593e-08,1.88834276281176e-06,1.4786655434465e-07,3.04878275678805e-06,2.78648794280017e-07,1.00223087137334e-05,9.19466751926814e-07,2.39258249769007e-06,1.82806108478659e-07,0.304377584400255,0.00300491131816875,-0.0875093109077878,0.00172882103708702,0.166316073048969,0.00410553436204919,0.00459424670444945,0.000302095112926521,0.537002042521497,0.019838512024476,0.173566680381667,0.00657586005458278,56.8830509689369,1.85706659163959,1.15894629444953e-08,1.01311571389205e-09,3.82508206361412e-06,3.54486848208331e-07,1.62001434614876e-05,1.94721695330773e-06,63.7902518596867,2.07333563230062,0.19464342941619,0.00733602908473274,1.61016221354091,0.113944560879846,2.58000581026018,0.234670517743338,141.063943650987,13.1015285210556,2.42747951888593,0.0106329836443869,81,18,18,18,"2021"
"all",2021-04-07,3.88410833588353,0.0652812707394584,1.22562335079743,0.0534619609363942,2.44434640253032,0.038885148497143,5.82820365164015,0.0577587316453487,0.0300480964835043,0.000464044840154738,0.0596839290077764,0.000926225136076817,0.271909672904898,0.00248853514175296,0.877558492400028,0.00271905107709954,155821.270667823,2136.02980946575,1.31466703668789,0.0439075096873167,0.453711814764473,0.0153503528817525,2.56534535894463e-06,8.22821996479792e-08,7.43314210151591e-06,2.34814151586029e-07,5.90789692842555e-07,1.98315512790233e-08,1.71269420243336e-06,5.70767883271269e-08,2.92227388793506e-06,9.26766847518727e-08,9.45188103380469e-06,2.98279611253879e-07,2.16709539857262e-06,6.88163301222666e-08,0.309786142762487,0.00260648588257447,-0.0866950616171514,0.000846867767223683,0.175949693586894,0.00446279270783714,0.00468813625892966,0.000138453010075935,0.532332124496421,0.00976570000133595,0.162936010338343,0.00357641894889059,51.1817679338958,1.13901162026758,1.16630209538271e-08,3.48117961895075e-10,3.66574202944259e-06,1.11602055062224e-07,1.59521217679355e-05,4.64365361649485e-07,58.2975293237737,1.26610212691664,0.185587450314044,0.00397749471477652,1.46013651490748,0.0468056105036771,2.45969734386468,0.0711986601353126,98.607988887363,5.09242400926132,2.44441190552338,0.0155369557815344,97,108,108,108,"2021"
"all",2021-04-23,3.69021232217272,0.0815394453638024,1.1610793045191,0.0612969606813358,2.31984012483436,0.0392287073682024,5.94894224238173,0.0448222514008704,0.0287950572549043,0.000461267405098642,0.0568600135254804,0.000926225057502381,0.263096430591334,0.00224620910143046,0.886203835500735,0.00187243337304073,160468.83640494,2733.48971991212,1.2610225632926,0.0371613062880484,0.435030572603796,0.0129478913517392,2.44695554720435e-06,7.75357777731041e-08,7.09215549077183e-06,2.22434835435502e-07,6.21076450746553e-07,1.92320711693577e-08,1.79995387544087e-06,5.51326416242593e-08,2.75811779394712e-06,8.68915199509343e-08,9.30882617607876e-06,2.95309785729663e-07,2.35362238154433e-06,7.0090660926254e-08,0.296709467571335,0.00224329325674062,-0.089770936729195,0.000980412581994796,0.170735971191558,0.00284495095160539,0.00512679863138285,0.000152772291544021,0.594595244391895,0.0123660491291129,0.174403701705909,0.00392582914594757,50.2594154506177,0.924201143590896,1.24784813671134e-08,3.97715671542418e-10,3.64351559842077e-06,1.24932407649697e-07,1.45865242234966e-05,5.81056194774667e-07,56.6555328796366,1.00040455938784,0.19649976501275,0.00425191777138137,1.46257133688546,0.0413874914077171,2.26007191153275,0.0732221508570087,92.5633891364125,7.5465261847059,2.45169058635742,0.0177857538410133,113,107,107,107,"2021"
"all",2021-05-09,4.02095142815277,0.050606365583856,1.440100564595,0.0371440895847496,2.40980019960326,0.024586124871769,5.64813123733891,0.0251393632091081,0.0293212522175691,0.000302082462530895,0.0578198358039504,0.000605455086966187,0.249954338679429,0.00114259523074798,0.884654456545949,0.00085870821021962,152000.864165266,1149.6788043069,1.20609778968187,0.0234342313784326,0.415199191011639,0.0081023005968384,2.45617762340917e-06,5.28868608967234e-08,7.13208476126821e-06,1.52579787601695e-07,5.94611360955045e-07,1.18336959144468e-08,1.72684704526419e-06,3.41597843817221e-08,2.77650311306296e-06,5.97375403316703e-08,9.82594603769091e-06,2.09209913197939e-07,2.38286083022188e-06,4.79366298159985e-08,0.28247295077437,0.00118499102766556,-0.0894149179581688,0.000518278698812219,0.163440838695878,0.00190244378532673,0.00508025646593572,9.82555821601108e-05,0.530328639963548,0.0052603560673044,0.153305215341489,0.00162432310845483,43.2406107660852,0.420806340232708,1.38707604758139e-08,2.80522099029983e-10,3.93314924601578e-06,8.23100538197283e-08,1.62289375141636e-05,3.64263541252932e-07,48.8651802935128,0.466650400590143,0.173233385904849,0.00180056801286068,1.46830976737847,0.0280591992281242,2.42130140793148,0.0478431915505295,55.6336376309877,2.48567548454083,2.49169876334195,0.011813972216949,129,247,247,247,"2021"
"all",2021-05-25,4.0837718778269,0.031434711696963,1.51517171049235,0.0243606350266887,2.38689882711431,0.0180809416178524,5.55558722155944,0.0155376390277136,0.0293292843300078,0.000225275456839724,0.0577462442762722,0.000458825837429452,0.245651598471656,0.000665040509838437,0.885228587059012,0.000812001257398567,184059.774065165,1048.03339167122,1.15259783218924,0.0171211447997888,0.391850828056101,0.00591485536376818,1.92024981500887e-06,3.33045919413817e-08,5.64247459345463e-06,9.56126329652083e-08,5.09644605351055e-07,8.73071053433734e-09,1.49729299889681e-06,2.50402190009942e-08,2.17464749169508e-06,3.88834114479593e-08,7.80461898495806e-06,1.31229217459161e-07,2.06930323828776e-06,3.41870644399195e-08,0.277606260884326,0.000811552616095399,-0.0872486485191563,0.000443848556147061,0.164306036442034,0.00146204293740894,0.00504573595033511,7.21605584197894e-05,0.587907632883224,0.00594097847786546,0.161640383576188,0.00145581538538201,45.2718315740203,0.415387350076494,1.14829109340804e-08,2.07971835782385e-10,3.21698007866569e-06,5.86599900727757e-08,1.20952395412783e-05,2.20760474841801e-07,51.1606716478468,0.472198750142635,0.182619743793397,0.00164029070904725,1.40924489217356,0.0205016090578601,2.17854582973837,0.0345120150577409,31.3710917530968,2.78347232298432,2.67244005110581,0.010248701229798,145,401,401,401,"2021"
"all",2021-06-10,4.12070421707719,0.022166490940404,1.48474016980313,0.0191045787388103,2.43817001639573,0.0137092736360366,5.64094529578935,0.0125585730127645,0.0291654759880725,0.000169750645915823,0.057111160758424,0.000344411314223565,0.250318049411498,0.000617319166034796,0.887976152572169,0.000567251943998783,170858.962864139,1023.49002687701,1.20216675383498,0.0137816138073204,0.404276285223218,0.00470216571461036,2.15983353761155e-06,3.24517820230766e-08,6.41338436066749e-06,9.35700024910292e-08,5.76207436057288e-07,7.75635836603358e-09,1.71330450999897e-06,2.28109991632406e-08,2.4338742442547e-06,3.68256352270588e-08,8.60443432380654e-06,1.22952269630622e-07,2.30012602281113e-06,3.02701765140214e-08,0.281896555799806,0.000672801867778084,-0.0898792737914221,0.00029324637638209,0.170749789531734,0.00113365000938398,0.00530279003488381,6.03907308743837e-05,0.586370909702241,0.00366341743869523,0.163358720658584,0.000995064475378132,44.6476656491043,0.260009109360412,1.29810595092942e-08,1.73257494449108e-10,3.54666475034013e-06,4.66173856503551e-08,1.32652145127092e-05,1.93396207991242e-07,50.2826499789381,0.292069643182885,0.183926174256508,0.00110091419032778,1.43235602949762,0.0160291553885472,2.20681034295493,0.0247737106577457,32.0021843349582,2.08495422301135,2.73459997527616,0.00951361345147941,161,536,536,536,"2021"
"all",2021-06-26,4.26799323971127,0.0211897732245868,1.70359470293291,0.0167439491259347,2.39741870371133,0.0107233423683883,5.69382473363539,0.011300678370859,0.0283603280273898,0.000130736334514393,0.0560904019816756,0.000266410686455218,0.250376925725053,0.000493670268565194,0.890228230232114,0.000456755923915238,172548.48573976,709.650214253287,1.26763804576662,0.01216871538098,0.424412852168408,0.00412253937773017,2.21906297623035e-06,2.41191707969491e-08,6.62332739561686e-06,7.07384949362257e-08,5.55160186520453e-07,5.47214853805493e-09,1.65806095440522e-06,1.61487577457084e-08,2.49255934978258e-06,2.71194342542255e-08,8.856679369646e-06,9.37984952780727e-08,2.21726539732177e-06,2.14327528448382e-08,0.281220712040886,0.000521867413002155,-0.0913573229883363,0.000314519002580077,0.164504728161892,0.00114890034202333,0.0055439944125002,5.56358502877619e-05,0.620236132616947,0.0036910792649214,0.170821526162586,0.000865377184839328,47.419101738825,0.225852915319687,1.17744436703608e-08,1.16810813894814e-10,3.27813393741108e-06,3.38439586874204e-08,1.30544503926109e-05,1.42424968155064e-07,53.2595601423705,0.251316685029363,0.191833072584902,0.000955537024689551,1.5085290344432,0.014246599769472,2.22045614040564,0.0209341689137191,35.8654928262873,1.47043263269174,2.77746495980601,0.00933359522928708,177,734,734,734,"2021"
"all",2021-07-12,4.26859224522608,0.0286333127257995,1.64822713282431,0.0230937912800031,2.44653307711584,0.0143485689339934,5.7742739868997,0.0121036523393861,0.0288233033037749,0.000189886921889698,0.0568016376915717,0.000367316846425205,0.25333515095919,0.000706459240406431,0.891017077531357,0.000524270017259572,186740.778488039,698.355337823433,1.33538471773983,0.0153105991466494,0.449221522836055,0.00513961200556283,2.1533633404281e-06,2.56228963082231e-08,6.39860057564318e-06,7.57558440091307e-08,5.21283842689734e-07,6.25776595294885e-09,1.54934428245014e-06,1.86131757561313e-08,2.41567929337237e-06,2.86364763226245e-08,8.49156670305386e-06,9.73128719263964e-08,2.05700310682911e-06,2.41766493292089e-08,0.284268809333537,0.000736957897110414,-0.0891586937189232,0.000388009896415675,0.155563159903277,0.00179629635054257,0.00547903819283597,6.43526850227872e-05,0.624283999507126,0.0043112987307879,0.179430212531194,0.00110226238175002,51.0990293632149,0.277157595787672,1.02563270131673e-08,1.30059234800624e-10,2.9275478979513e-06,3.73008575373091e-08,1.21078809153686e-05,1.56490382624749e-07,57.3246331584566,0.299566173703046,0.201277126829672,0.00119631310074857,1.57945141972326,0.0174728543515664,2.24126081773611,0.0258234054899473,17.0386319852812,1.44501498336763,2.71338385052816,0.0134039522074014,193,458,458,458,"2021"
"all",2021-07-28,4.0290616237669,0.0224360670373507,1.44860955195766,0.0180484117150614,2.41067132094632,0.0101611922985359,5.87367510991707,0.00812414199697778,0.0297310281141095,0.000123154991815804,0.0590101101202617,0.0002450218488436,0.25597690972122,0.000481976498126559,0.892680250589772,0.000395723767516566,202076.245232676,753.368435610486,1.33077774697654,0.0108623733185499,0.448660088230262,0.0036492536982369,2.00616647080613e-06,1.8816585680181e-08,5.9479145431446e-06,5.55792960079559e-08,5.08992641776516e-07,4.14187854928267e-09,1.50892263639044e-06,1.21900618043839e-08,2.24683116522113e-06,2.10357056907786e-08,7.81497477923686e-06,6.85901904987146e-08,1.98922121385448e-06,1.60668825482283e-08,0.28670755950919,0.000500177650643808,-0.08561380960914,0.000352822939808402,0.139569934783762,0.00137565580544119,0.00543297721713178,4.49273434266641e-05,0.669305310382008,0.00346727070010331,0.189065847398322,0.0009493429143945,55.2428408645319,0.261474314948956,9.35282292418665e-09,8.58259818232415e-11,2.73946928200332e-06,2.55459120685814e-08,1.08406315944365e-05,1.17040213264781e-07,61.8670709562088,0.287949563620154,0.211735518412629,0.00104602463782594,1.56295530839477,0.0121509872860427,2.1525850884794,0.0193970755522062,10.6895337445146,0.710571104387422,2.70840494316385,0.00987856203825286,209,851,851,851,"2021"
"all",2021-08-13,3.89103418720946,0.0252766571287549,1.29443744082597,0.0182546779064344,2.41936319424759,0.0136154173417994,6.10363726875229,0.0101101103475132,0.0302456106171922,0.000156913655930642,0.0597308956223078,0.000310263641896387,0.263653138468453,0.00058974590286359,0.890470101354389,0.000444395997783992,202150.513433774,728.360875253805,1.33275345568189,0.0128780768825098,0.453971475412393,0.00442430073208506,2.02851489070441e-06,2.18088620199791e-08,5.95380003149213e-06,6.33702876198856e-08,5.28325772234062e-07,5.23526359278314e-09,1.55093748046765e-06,1.52196091473918e-08,2.27820604537019e-06,2.45495990075392e-08,7.67547768252272e-06,7.99468727132811e-08,2.00253210125784e-06,1.95352946235684e-08,0.29604269034216,0.00062883065533197,-0.0836173644977788,0.000313439704977161,0.146107137622616,0.00141698810532564,0.00505203260281339,4.97830233002519e-05,0.578403707820629,0.00322768539804062,0.169057178749676,0.00100890728962929,52.0663077013262,0.306125659516403,1.02385809005521e-08,9.9272894848321e-11,3.16018305312948e-06,3.1139136888439e-08,1.20933448935626e-05,1.25999664177633e-07,58.4720854642751,0.344209421802118,0.189831402040879,0.00112838223835238,1.53086349695853,0.0144678304129884,2.41193413222923,0.0227705537443781,36.1445220304024,1.28432040344396,2.71046096836988,0.0104685676537306,225,901,901,901,"2021"
"all",2021-08-29,4.05543985018154,0.0247691827899365,1.47558982695569,0.0198562976497006,2.41314426424846,0.0126411706356309,6.21934511381037,0.0135938749214457,0.0301488476753649,0.000166409577583307,0.0596005869755412,0.000341132336852333,0.269552362802761,0.0006676390529499,0.888513219804546,0.00071142556054718,186685.119078287,863.312759466819,1.40086826584698,0.0150760776713853,0.48486684830068,0.00531256785816177,2.32916417998467e-06,2.70739089156037e-08,6.73079884572879e-06,7.71374606757356e-08,5.68577922034618e-07,6.30217526134223e-09,1.64268582768344e-06,1.78685690282089e-08,2.62273953155226e-06,3.06451671590589e-08,8.64061776884626e-06,9.91106329148153e-08,2.11128265611512e-06,2.32743630490437e-08,0.303440080942963,0.000765414013290015,-0.0838764924312534,0.000344539056059494,0.158414118781049,0.00152010518059587,0.00503350252576572,5.23630987546915e-05,0.540218089827908,0.0030763346960738,0.162896032886506,0.00115297050716375,52.0213750673288,0.348408130926881,1.09885537290393e-08,1.1052824438839e-10,3.52020328325241e-06,3.62829449020713e-08,1.44562392721519e-05,1.64302417942879e-07,58.5783650942667,0.398815523726903,0.183392331252169,0.00130686572313744,1.59721461093603,0.016949805036953,2.66666790413954,0.0272915297997818,73.3118583053544,1.79005481196582,2.55487984108395,0.00978889440722539,241,612,612,612,"2021"
"all",2021-09-14,4.09470792762272,0.0297727860175972,1.39362688620784,0.0266164439402846,2.51417836827757,0.0168262491728103,6.29841434144225,0.015183187331556,0.0308800512627352,0.000233488268221637,0.060929443750589,0.000478259328195992,0.279282594226418,0.000900629008395168,0.889268634519028,0.00071939161315164,197076.773182266,1046.60175033289,1.46995066644634,0.0204383769052979,0.51322041621617,0.00728162302810308,2.33754991306711e-06,3.51978797588678e-08,6.69717234753656e-06,9.94258888536912e-08,5.71814587757151e-07,8.5780252341535e-09,1.63774049681836e-06,2.40876893657418e-08,2.62915727070014e-06,3.97252462374226e-08,8.37304204785065e-06,1.24969191279683e-07,2.04804073970317e-06,3.04703696674727e-08,0.314079976723694,0.00101070400287408,-0.0827443537775291,0.000417602682751712,0.176204590357611,0.00156408380589687,0.00521815606453601,6.90629670465759e-05,0.565829974505785,0.00492621528286536,0.170451151158794,0.00185804473098292,55.6234674304649,0.559819996380915,1.03741507479913e-08,1.40312014259869e-10,3.40431030957278e-06,4.76968105125908e-08,1.39308432364739e-05,2.00174431829042e-07,62.5600868704355,0.631844156647972,0.191690422777119,0.00209206573717394,1.63272659735416,0.0225319142689332,2.71769417378625,0.0364026742455955,70.6388516089055,1.96907805677927,2.46755157041297,0.0104584041420483,257,382,382,382,"2021"
"all",2021-09-30,3.96180568751792,0.0279297041742459,1.37401782070394,0.0219785531553112,2.39257182419079,0.0147063256822519,6.38783200788675,0.0102904466711429,0.0308923041898079,0.000181444910204131,0.061312477672161,0.000369001742298953,0.289585827119288,0.000804937402576194,0.892194682669906,0.000474805870866718,207964.372456814,576.120605143718,1.5068977281839,0.017605569129312,0.538938196465982,0.00648549923310451,2.32067075909625e-06,2.85498962519497e-08,6.4900130196262e-06,7.77713513934702e-08,6.03338924576661e-07,7.70190587866193e-09,1.68694862339883e-06,2.09548587274272e-08,2.60104086042429e-06,3.2020043045184e-08,8.02689316740976e-06,9.97305877061057e-08,2.08955836644804e-06,2.74431903144619e-08,0.324579051769818,0.000889619514003055,-0.087663544826625,0.00034644649954155,0.189762848457892,0.00128895041697218,0.00522454750614185,5.74694606406616e-05,0.570369492158024,0.00416341217871148,0.181327632492742,0.00190266359176927,59.0339521117435,0.574035014823695,1.03671959281297e-08,1.20061117588156e-10,3.3953245373659e-06,4.04936526915191e-08,1.30930294199586e-05,1.551038961742e-07,66.1763471035829,0.64488003436648,0.203260150838391,0.00213587484674237,1.6619336382765,0.0199315378846675,2.71079703083839,0.0311595343087031,66.5341712616412,1.40035573150403,2.43354234389038,0.00702197264036597,273,538,538,538,"2021"
"all",2021-10-16,4.04307291003847,0.0542775990101322,1.31245949618595,0.0449208441651501,2.52875324499976,0.0368666829349982,6.23239844607324,0.0368693760372311,0.032957416162202,0.000477587811618342,0.063557416315853,0.0010543312955534,0.302254029156007,0.0027707319960328,0.88749434837361,0.00153518542804724,187850.959559747,1718.98916358185,1.74025355217998,0.0593155590654724,0.630773706380854,0.0226930113264548,3.01193582387258e-06,1.1295558378512e-07,8.3142398357205e-06,2.9799568359436e-07,8.08631764587046e-07,2.98712456095752e-08,2.2337325166413e-06,7.89258453979003e-08,3.39351190440977e-06,1.26695968336537e-07,1.00889967151965e-05,3.92528065567195e-07,2.70770142490842e-06,1.0170450892014e-07,0.340706776948287,0.00322488090216945,-0.0907379653804081,0.000884908251762018,0.204428905413655,0.00340163571218945,0.00595964505723078,0.000164936579070952,0.582776753705828,0.00982018133816877,0.1896264426997,0.00532632631257501,61.4633427324162,1.60150282430516,1.32419183419926e-08,3.77789866374849e-10,4.31567019297133e-06,1.25003261397482e-07,1.60012547718923e-05,4.57618632053439e-07,69.2875575128923,1.80902989676959,0.213760455758573,0.00600975717281982,1.86702996153971,0.0670258991239235,2.97128748522225,0.0785566519353214,94.7405343793102,3.71427596610665,2.45409168985486,0.0191427583787063,289,97,97,97,"2021"
"all",2021-11-01,4.08706308517259,0.0569724427448033,1.31022060170923,0.052719478416391,2.5552754906035,0.0281108677595034,6.18633636494273,0.052217911922791,0.0300995682932667,0.000419320694425576,0.0597910933273355,0.00084477668401941,0.28582080983624,0.00229978328354414,0.883875660060607,0.00266656747810905,162647.970822924,1725.0933521226,1.56332041292461,0.0509135339535917,0.558009670260026,0.0190555839926424,3.04545235635947e-06,1.04906456601674e-07,8.53685684152634e-06,2.82056005634126e-07,7.12676948660394e-07,2.57000794174117e-08,1.99538818033475e-06,6.82968572392135e-08,3.44450324924939e-06,1.17413164653058e-07,1.06770142633489e-05,3.68755966788704e-07,2.49627718873829e-06,8.87779757526597e-08,0.323458503145334,0.00251270449312642,-0.0899476374393886,0.00105637307491594,0.190187263085131,0.0033759773594494,0.00589124326175874,0.000171704542973941,0.604541076863,0.0119937769453992,0.180110031054337,0.00451057886154075,57.1454463731227,1.38097581367853,1.26143439401769e-08,3.92204026985961e-10,4.01880961214739e-06,1.28481644271045e-07,1.71201128380729e-05,5.03071015354642e-07,64.5916444918135,1.53053034480115,0.203579527578416,0.00501173631598448,1.72574137347411,0.0580570782667504,2.76188822803165,0.0785951391367479,79.9647832949137,3.88083823844289,2.45377188538926,0.0228752478786516,305,97,97,97,"2021"
"all",2021-11-17,4.20540557538762,0.0496280643529502,1.54954920095556,0.0552625040100447,2.44046545028687,0.0343398156469405,6.1980318812763,0.0328587859808227,0.0292751273030744,0.000558870240784478,0.0583233653622515,0.00113041776827973,0.279932544292772,0.0024362655131293,0.887928968843292,0.00123664708481518,158244.832933278,1501.79469134207,1.52395740414367,0.0430528978490167,0.532897546887398,0.0155107963410635,3.00814417714851e-06,9.50315227778143e-08,8.60196843187266e-06,2.63851351804077e-07,7.09709310849448e-07,2.1588028992013e-08,2.02970979185248e-06,6.03211574340407e-08,3.38963290121599e-06,1.09184932403509e-07,1.07044623797834e-05,2.93673768780915e-07,2.5265300256374e-06,6.82717779492102e-08,0.315295294866259,0.00280823957242586,-0.0887798042967916,0.00109712166650748,0.182801104911953,0.003861257485747,0.00611282545716656,0.000162263237669858,0.51215988306673,0.011730021011982,0.138724819337059,0.00381288971678783,44.5819575350411,1.11112090866351,1.62681472988622e-08,5.16527100914067e-10,5.26555623982224e-06,1.75542553179341e-07,2.22635183572393e-05,7.20143992891834e-07,50.2267712904317,1.27163183022659,0.156298215585028,0.00436273790896093,1.68514837012024,0.0428371888945224,3.48987394387311,0.101089156074793,127.083302834455,5.43065216402245,2.36125078062911,0.0188229079066884,321,68,68,68,"2021"
"all",2021-12-03,4.38886743783951,0.0556874058994959,1.5763230368495,0.0990353444067207,2.61314623355865,0.0519457706467023,6.28924238681793,0.0729961467440584,0.0287562133744359,0.000677510814707693,0.0574476389214396,0.00135846224800851,0.280034942924976,0.00522219546090298,0.890429264307022,0.00343120643511362,123500.519868643,2993.45452813694,1.43301835805178,0.140029157351458,0.495240596681833,0.0484805600156865,3.56315903038874e-06,3.36915773323234e-07,1.03060472678185e-05,9.70566891222563e-07,6.60671905885419e-07,6.42800176996903e-08,1.91163158194654e-06,1.8556723430471e-07,4.00595290602962e-06,3.79356393032936e-07,1.27302111586255e-05,1.21534755764416e-06,2.35328953739704e-06,2.26751662160328e-07,0.314642619888556,0.00617501192146641,-0.0881514675915241,0.00113544974172823,0.176362966421279,0.00980813820876825,0.00545663007374366,0.000509794236976946,0.512791713469617,0.0262083749042237,0.144700932662319,0.00822748121193525,46.1844519704389,2.24877626660316,1.40675978253675e-08,1.20629183704002e-09,4.52004185558145e-06,3.92679901867399e-07,2.45621320091878e-05,2.18766509706083e-06,51.9339811631963,2.61091017485603,0.162728191061528,0.0094923525123154,1.57180151394477,0.154358439019755,3.02051860981208,0.269392658292356,95.8686712265015,10.7385062929388,2.38076346217414,0.0261950723783029,337,20,20,20,"2021"
"all",2021-12-19,4.00224004072301,0.0774820713354286,1.18267952694612,0.0817839548798293,2.53527130800135,0.0477792947174952,6.24644739487592,0.077354797238272,0.0297371435033925,0.000844257124030091,0.0579762879539938,0.00155856327765679,0.281750358202878,0.0044492784315517,0.890618461019853,0.00331964641619738,166533.173072019,9497.84577207183,1.89043188445708,0.191518295476235,0.673240365350948,0.0735092961989373,3.58440991990057e-06,3.03923817240043e-07,1.01596657014419e-05,8.22823611004795e-07,8.82730641718196e-07,8.1083521334107e-08,2.48298741621696e-06,2.09621474312524e-07,4.02942924140258e-06,3.46510850802816e-07,1.26679681970297e-05,1.04302208473571e-06,3.12887070035429e-06,2.83853586714266e-07,0.316433909083936,0.0052100686766189,-0.0880961096023812,0.00247085703646758,0.184472101138494,0.00810263187523659,0.00617182891487799,0.000505959145866121,0.566746155454674,0.0342914451414409,0.186882589821754,0.0134108885049699,60.4818639497596,4.3804492136859,1.47105896673943e-08,9.21136374953377e-10,4.77103486950837e-06,3.04280432004907e-07,1.97204310427548e-05,1.40663729689102e-06,68.0316826245012,5.04170007574845,0.210192092120092,0.0154244611471915,2.11488569926069,0.223835658283738,3.18302419042774,0.211957902797293,79.326104108025,13.5231798262268,2.604875013679,0.0816930959348416,353,17,17,17,"2021"
