"year","georeg_agg","doymin","mean_pai","median_pai","sd_pai","se_pai","mean_tocpai","median_tocpai","sd_tocpai","se_tocpai","mean_uspai","median_uspai","sd_uspai","se_uspai","n_used"
2019,"CA","97",4.01475517921368,4.22803640365601,1.46050230879929,0.00794044478700338,1.40654762405517,1.37315595149994,0.948311348015097,0.0051557699391747,2.60800464521711,2.66160497069359,0.971896326537162,0.00528399652165171,33831
2019,"CA","113",3.98723672969729,4.20936632156372,1.40537709792562,0.00384571795358306,1.38314257053071,1.37029284238816,0.947268202424334,0.00259213440883495,2.60382605509322,2.63233053684235,0.962603216255381,0.00263409762148126,133546
2019,"CA","129",4.07016643282741,4.30486345291138,1.47137367736266,0.00436540216307534,1.50771634009441,1.54074859619141,0.974455708375314,0.00289110177965636,2.56182838753918,2.58854377269745,0.974780273200312,0.00289206472741797,113605
2019,"CA","145",4.04048015923736,4.25457620620728,1.40167408000861,0.00325506290104572,1.42645215283386,1.41808265447616,0.950660841592154,0.00220768927747063,2.61257677694916,2.64082685112953,0.94417398340281,0.00219262505409828,185428
2019,"CA","161",4.18400103731619,4.40433073043824,1.47072907834725,0.00276855168402929,1.62537251854904,1.65867781639099,0.960271095320564,0.0018076477831403,2.5579118054743,2.5828622430563,0.964819155704815,0.00181620921054476,282202
2019,"CA","177",4.2507950232222,4.47577428817749,1.50016892816051,0.00301486835910138,1.7003078970831,1.74966663122177,0.967419331308572,0.00194420900019678,2.55004358488349,2.5755854845047,0.95762480997651,0.00192452508867037,247596
2019,"CA","193",4.13279394752858,4.36954593658447,1.48446211320758,0.00280196438207286,1.60645979582876,1.63078689575195,0.957149105590082,0.00180664610995113,2.52628847820293,2.56328296661377,0.958127690212251,0.00180849321620718,280681
2019,"CA","209",4.26643244088664,4.46942043304444,1.42310809750016,0.00280054755340986,1.72305406338922,1.77508616447449,0.965033135287499,0.00189909760947625,2.54311509015468,2.55204367637634,0.921711299388148,0.0018138441689609,258220
2019,"CA","225",4.31890994595392,4.51718902587891,1.33727908756212,0.00318333921152702,1.68079946057224,1.7226254940033,0.898686491165729,0.00213928713370732,2.63733948476093,2.64651966094971,0.914592639408216,0.00217715108138707,176473
2019,"CA","241",4.04845530781853,4.24454927444458,1.38707307918179,0.00241853781239984,1.49527053320203,1.49973648786545,0.968082808316286,0.00168797514174832,2.55317891913296,2.56388688087463,0.929780978447625,0.00162119104420379,328922
2019,"CA","257",4.17733919886568,4.36899709701538,1.30272996769982,0.00289895235120267,1.59122783460851,1.62530040740966,0.91338548414761,0.00203254785141645,2.58551749068697,2.5858423113823,0.8888997279609,0.00197805993586342,201942
2019,"CA","273",3.99192266328233,4.21869397163391,1.40895908519271,0.00317296110287773,1.39070672549677,1.38520705699921,0.926378132652909,0.00208619385215303,2.59865163645337,2.63619020581246,0.954926823169024,0.00215048520418568,197182
2019,"CA","289",3.90000233765341,4.10042762756348,1.29687587453983,0.00385587506905267,1.25187476508558,1.21239602565765,0.884988397704771,0.00263125004181414,2.64111762277124,2.67225497961044,0.933518293496015,0.00277553926714311,113123
2019,"CA","305",4.03813767975654,4.25404977798462,1.35695346268018,0.00328723050438595,1.42259733954323,1.4157452583313,0.956536606802231,0.00231721750149896,2.6142849808756,2.63301569223404,0.954378446168651,0.00231198934028107,170400
2019,"CA","321",3.92219444350067,4.19909763336182,1.50500195183836,0.00381196434577434,1.31523739678457,1.27432644367218,0.943217748001496,0.00238904170276414,2.6058354757085,2.66204953193665,1.06080957115716,0.00268688572660508,155875
2019,"NOA","97",3.7553846440555,3.97281062602997,1.33493255039755,0.0124896487746978,1.20357989027888,1.05354523658752,0.968252415849816,0.00905898398807899,2.55142476477881,2.5873447060585,1.00355645115552,0.00938928906691348,11424
2019,"NOA","113",4.02481783371462,4.25367879867554,1.41239678154517,0.00394596600057109,1.50940946863437,1.45594191551208,1.0231188289424,0.00285839798440642,2.51496539418142,2.52912890911102,0.997397354093428,0.00278653711176442,128117
2019,"NOA","129",3.90207632559528,4.15248584747314,1.41885186736245,0.00413220629862245,1.44377124017,1.38351213932037,1.01752417101802,0.00296339588733624,2.45638936521111,2.45927381515503,1.0049327859238,0.00292672525103407,117899
2019,"NOA","145",3.98800355943253,4.23359799385071,1.4433264413376,0.00389066457866949,1.44308504598722,1.39788508415222,0.999242334329288,0.00269358105300077,2.54394350489012,2.56834524869918,1.00409192074889,0.00270665371180029,137620
2019,"NOA","161",3.84707414805765,4.08995914459229,1.46383712787334,0.00536150125015916,1.26715786019606,1.13236379623413,0.993899809214545,0.00364029233045782,2.57908220000214,2.59928941726685,1.09438424211939,0.00400833014175691,74544
2019,"NOA","177",4.11806756917148,4.3643639087677,1.4676892521377,0.00326393416644218,1.65476410239195,1.65652287006378,1.02192012346284,0.00227260641275871,2.46289463807596,2.46755468845367,0.996515705987987,0.00221611056661556,202202
2019,"NOA","193",4.17830709585615,4.40771389007568,1.41647703686049,0.00336326343486879,1.80262934533394,1.83601224422455,1.05878198347616,0.00251395726005965,2.37478195790612,2.34894800186157,0.956169868948963,0.00227031647818803,177377
2019,"NOA","209",4.00618909762716,4.22664546966553,1.41713114780299,0.00388846599852231,1.52240527716869,1.48934978246688,1.02709055507282,0.00281823365959865,2.48321014001325,2.49390888214112,0.978308025688522,0.00268437928265772,132820
2019,"NOA","225",3.98733553172468,4.24787306785583,1.48225417905309,0.00419248146578806,1.54307181982729,1.51673990488053,1.00669431012716,0.0028473842722566,2.44203923759533,2.46069693565368,1.01187607613161,0.00286204063702907,124998
2019,"NOA","241",4.17632285297858,4.38870978355408,1.37291592657365,0.00261461791795763,1.75286139727824,1.76785862445831,1.04384977018116,0.00198793550278273,2.42340249006204,2.40388268232345,0.948124182035308,0.0018056331249541,275722
2019,"NOA","257",3.96895324477119,4.23788785934448,1.47690225485877,0.00309127611580732,1.55314615856096,1.52841591835022,1.04372994691336,0.00218461136858015,2.41499090732319,2.4260790348053,0.996717452896575,0.00208621040844855,228259
2019,"NOA","273",4.05725128855804,4.2984619140625,1.41030250429149,0.00262211854474538,1.62937657467206,1.61947083473206,1.03012590144284,0.00191527152605662,2.42548117618317,2.42086172103882,0.968296186411196,0.00180031403154217,289281
2019,"NOA","289",3.93573946645439,4.17236566543579,1.41154177171443,0.00291794736977006,1.45065378275327,1.38049578666687,1.02302159195928,0.00211479619186182,2.48151979110589,2.49330234527588,0.992479590888157,0.00205165958940424,234009
2019,"NOA","305",4.08241875174112,4.33193111419678,1.40393544739774,0.00291376402728294,1.65102831838881,1.64504313468933,1.07056823109356,0.00222188506337259,2.43067263162972,2.4148343205452,0.978435877923551,0.00203067118889332,232159
2019,"NOA","321",3.99580817668539,4.23191595077515,1.36761111457027,0.00366441128065435,1.48237607312624,1.44138443470001,0.993346995252386,0.00266159867832802,2.5111534428021,2.51504147052765,0.975537572898301,0.00261387966852987,139289
2019,"NWA","97",3.41836197365652,3.60581207275391,1.1214463432731,0.051293761821089,0.753749210367254,0.646501123905182,0.638328499048857,0.0291964659657833,2.66461276328927,2.74508851021528,0.920987513192354,0.0421249883467507,478
2019,"NWA","113",3.91875014097299,4.15387773513794,1.45874061775794,0.00330609383850407,1.52869662622545,1.51957780122757,0.924275790366533,0.00209478125062831,2.38967975618539,2.40605503320694,0.966508736975309,0.00219049811959419,194682
2019,"NWA","129",4.02895114088868,4.25330495834351,1.4869091214817,0.00397021853044502,1.67973557352934,1.69743406772613,0.943120133882055,0.00251823933142803,2.348290722982,2.35062956809998,0.947859813800039,0.00253089482245092,140262
2019,"NWA","145",3.99247541517126,4.2272310256958,1.40704127369716,0.00357423431946321,1.51443172459906,1.51712036132812,0.878083250405942,0.00223054955644622,2.47650350718273,2.49878823757172,0.95968483743204,0.00243783785588961,154970
2019,"NWA","161",3.95171720769005,4.20000147819519,1.5158070434703,0.00341176529414882,1.58778574253334,1.58693879842758,0.928401977873808,0.00208963908749052,2.3632789619814,2.38370931148529,0.987259316590326,0.00222211467295768,197392
2019,"NWA","177",3.91350825780786,4.17488670349121,1.54723326688961,0.00344458720200448,1.5293485349418,1.52257418632507,0.936625694112846,0.0020851987531883,2.38373214341571,2.41768527030945,1.01030244255355,0.00224922443063144,201761
2019,"NWA","193",3.98005643141213,4.22954511642456,1.48687566205958,0.00398348553109151,1.62113720026255,1.63461446762085,0.93188199222563,0.00249660313060311,2.35856313340375,2.37739670276642,0.979305079170647,0.00262365422539573,139323
2019,"NWA","209",4.05015411051907,4.29687213897705,1.51384821968594,0.00284553411749953,1.67827040025651,1.69585525989532,0.92892886639685,0.00174607912978936,2.37164694563785,2.39168953895569,0.963546664671957,0.00181114914459241,283033
2019,"NWA","225",4.05387147842852,4.23582458496094,1.35693712539418,0.00534961553712781,1.64647182727519,1.66556656360626,0.875876343011429,0.0034530720734872,2.40692624307161,2.41830146312714,0.915961357625627,0.00361110402130042,64339
2019,"NWA","241",3.95328494780503,4.17552518844604,1.45229194217388,0.00291577276191649,1.58639312925371,1.59037232398987,0.898686918577394,0.00180429758135014,2.36670222856509,2.38937735557556,0.933850673706214,0.00187489600335738,248085
2019,"NWA","257",3.76950413258188,4.01343679428101,1.4260416603178,0.00362589423171488,1.40051636708989,1.37697345018387,0.89721500969419,0.00228128449454499,2.36875309468671,2.40153431892395,0.950186365012813,0.0024159709746392,154680
2019,"NWA","273",3.74800322643015,3.9601423740387,1.39092413095938,0.0039535316495406,1.33526595304552,1.28639715909958,0.887966822456673,0.00252393704170122,2.41038221551893,2.44014923274517,0.950637537667313,0.00270207088133323,123776
2019,"NWA","289",3.73391831519168,3.94457721710205,1.33191237874615,0.00652592511352821,1.19728057347297,1.11760246753693,0.861545208224642,0.00422128332201997,2.53410899739208,2.56884407997131,0.947803039754124,0.00464391784212755,41655
2019,"NWA","305",3.80574314181432,4.03093552589417,1.39738662910078,0.00445059187783268,1.40080237135888,1.36596858501434,0.894030072093748,0.0028474316946621,2.40466922933507,2.42459350824356,0.978609135030027,0.00311681089344629,98582
2019,"NWA","321",3.89215690842383,4.14962983131409,1.41858145697314,0.00399859081785208,1.43384679697119,1.43229967355728,0.882395855853532,0.00248723113472466,2.4552807521925,2.49410903453827,0.955635345815775,0.00269367310577091,125862
2019,"Southern","97",3.39425630125806,3.68004035949707,1.57978231939096,0.00747487366051304,1.09190476399642,0.968298554420471,0.876433492852498,0.00414691919924778,2.3002746490909,2.36674582958221,1.11703042505833,0.00528532393341328,44667
2019,"Southern","113",3.48111506784734,3.77519118785858,1.6364106061731,0.00323102363809598,1.2157973081574,1.09700083732605,0.920778601063375,0.00181803846434738,2.26477433803225,2.33859460055828,1.120096302789,0.00221158284944063,256510
2019,"Southern","129",3.44812239302318,3.74756062030793,1.63016654795721,0.0032876686337689,1.12569537248035,1.0077560544014,0.882688921905557,0.001780179261782,2.3213404057401,2.4127801656723,1.13161645753584,0.00228220848818137,245860
2019,"Southern","145",3.60475184967651,3.90156936645508,1.60837988162022,0.00352832835985202,1.240000049648,1.1481204032898,0.908760436780917,0.0019935621292251,2.36328696760233,2.44571948051453,1.0990292140466,0.00241095775229433,207797
2019,"Southern","161",3.72291805703114,4.01834344863892,1.63876495433112,0.0022810533004023,1.37563779903072,1.29722076654434,0.955976233734527,0.00133065619770735,2.34710190456355,2.41491454839707,1.08435196641236,0.00150934679512488,516134
2019,"Southern","177",3.64867560519954,3.9528067111969,1.66529834392593,0.00234611202465107,1.34213160432522,1.26588726043701,0.954858958663588,0.0013452280745594,2.30627923609292,2.38931107521057,1.09458619663616,0.00154207913994023,503833
2019,"Southern","193",3.63404718608881,3.92418193817139,1.666612106453,0.0031494939766129,1.30196747844911,1.20670878887177,0.951131848787745,0.00179740925745289,2.33177967568616,2.42003554105759,1.11081617435854,0.00209917402898996,280019
2019,"Southern","209",3.58313621998008,3.84172570705414,1.5883610674742,0.00219342954620502,1.28988208086358,1.20664393901825,0.905648188758686,0.00125064479126855,2.29320310075336,2.36459922790528,1.0573808661561,0.00146017834415117,524386
2019,"Southern","225",3.68359042588068,3.93433928489685,1.55623483231398,0.00278615639266507,1.34105809029728,1.26533269882202,0.926789669441195,0.00165924891832043,2.34242454061512,2.3999400138855,1.03548049706659,0.00185384014448022,311989
2019,"Southern","241",3.54710339550638,3.79480183124542,1.54692812642022,0.00225665705895502,1.26143571544939,1.16587913036346,0.904218092631926,0.00131907236459309,2.28558071229098,2.3466626405716,1.03612920155361,0.00151150414601759,469904
2019,"Southern","257",3.47846709550846,3.72761845588684,1.55939974107555,0.00312415888743747,1.17555451919427,1.05345439910889,0.901513359117484,0.00180612507418266,2.30229080748846,2.37208187580109,1.05639962983155,0.00211642993473089,249143
2019,"Southern","273",3.38806033809272,3.63178312778473,1.54220476494292,0.00313162716468978,1.10454259701302,0.972330749034881,0.868482949548695,0.00176355621426008,2.28159411380236,2.33433610200882,1.07282997429374,0.00217850675018246,242518
2019,"Southern","289",3.54487548588449,3.79411029815674,1.47394109875318,0.0027981168768427,1.17166931861842,1.0674090385437,0.867888866047121,0.00164759262453878,2.36944660435668,2.42572440207005,1.03317952718562,0.00196137896844856,277478
2019,"Southern","305",3.54653607654046,3.81229448318482,1.48829258735043,0.00317310815109853,1.24116376319915,1.15738600492478,0.872621777792007,0.00186046970835711,2.30473656931528,2.35540270805359,1.05150501023471,0.00224185697574202,219992
2019,"Southern","321",3.59827541084069,3.91251742839813,1.56420947969875,0.00378551290818015,1.22351701632102,1.12617659568786,0.899660890715116,0.00217725180609622,2.37297724926456,2.433842420578,1.093002382193,0.00264515378545087,170742
2019,NA,"97",5.10792326927185,5.10792326927185,1.28140075052035,0.90608716011047,1.74005877971649,1.74005877971649,1.09810697233217,0.776478886604309,3.36786448955535,3.36786448955535,0.18329377818818,0.129608273506165,2
2019,NA,"113",3.96571062140319,4.14582681655884,1.3543162349923,0.111702120405812,1.07096802918431,0.969985604286194,0.727440136359573,0.059998251220934,2.89473130058523,2.97764301300049,0.978530724581414,0.0807078538924855,147
2019,NA,"129",2.68001216824632,2.82957339286805,1.5962962026916,0.0806251335503974,0.590236484421606,0.390160024166107,0.638986866243258,0.0322737104435535,2.08922711005319,2.16783433407545,1.21744320598592,0.0614901676187237,392
2019,NA,"145",3.27644530162215,3.33725607395172,1.14295484227703,0.0903585141078481,0.889539600469288,0.672961592674255,0.744842281334715,0.0588849526653405,2.38654052137572,2.44650039076805,0.828155353867946,0.0654714293671361,160
2019,NA,"161",3.51397834333692,3.68780899047852,1.40567793512041,0.060323414077578,0.938693315100628,0.645544648170471,0.91155344463568,0.0391185025536382,2.57528502823629,2.62582993507385,1.09462569541315,0.0469748848115111,543
2019,NA,"177",3.24071702514844,3.41226899623871,1.52032532501617,0.0921832632403408,1.25177715441489,1.23787766695023,0.886866279730061,0.0537741668694944,1.98893987073354,1.98485150933266,1.04668357306565,0.0634645136521847,272
2019,NA,"193",2.71863306771913,2.90467357635498,1.53775206194382,0.0681596618028403,0.562741515192197,0.307411074638367,0.691889318743012,0.0306674548762491,2.15589155252693,2.33751290681539,1.26714607017633,0.0561652620961804,509
2019,NA,"209",2.07180033328733,1.48243093490601,1.83533852618248,0.0732963605399654,0.77201693027393,0.303515702486038,0.917735208597827,0.036650813879836,1.2997529365793,1.11010301113129,1.24379544837814,0.0496724055653739,627
2019,NA,"225",3.01199220626482,3.35193741321564,1.60073163455062,0.0956620122740752,0.630192492700632,0.56250149011612,0.609359489663693,0.0364161947707726,2.38179971356419,2.65249520540238,1.21054030716534,0.0723436203938229,280
2019,NA,"241",3.13519757652728,3.19032263755798,1.81468922288986,0.0924851265777947,1.18684070517472,0.997405230998993,1.0379028174654,0.052896425590644,1.94835187106472,1.9296772480011,1.11085304382069,0.0566143133883153,385
2019,NA,"257",2.34551262992434,2.4361823797226,1.29949790820868,0.129949790820868,0.547660467799869,0.337890312075615,0.580659571301962,0.0580659571301962,1.79734997794207,1.67861017584801,1.06742571700475,0.106742571700475,100
2019,NA,"273",2.85049118201162,3.32971572875977,1.96879218412028,0.0973505081059762,0.673731244586164,0.458512544631958,0.722510929125414,0.0357258661578386,2.17508447768701,2.51010283827782,1.49068016010138,0.0737093900411893,409
2019,NA,"289",3.24878232047406,3.59429931640625,1.78308952986884,0.0877400997985432,0.919670217661763,0.746939897537231,0.874999235369463,0.0430558976141893,2.32736361559117,2.54436850547791,1.29782525237235,0.0638618057347886,413
2019,NA,"305",3.17933493184192,3.36194741725921,1.45164395525192,0.0775936332590583,0.925942502969577,0.680814921855927,0.9245742068098,0.0494205701504364,2.2530212578066,2.3128696680069,1.13141152390483,0.0604764897985665,350
2019,NA,"321",3.67319306475391,4.06425714492798,1.64414092553495,0.180467912010108,1.43435480310974,1.47574698925018,0.922038053040775,0.101206824574356,2.23704954510532,2.40122789144516,1.09960696552733,0.120697544850617,83
2020,"CA","1",3.909181271942,4.1487865447998,1.43587094747813,0.00552646517354874,1.15566145408451,1.06537580490112,0.916644614585157,0.00352803610096236,2.75272659568517,2.81053256988525,1.03591561574362,0.00398709339665751,67505
2020,"CA","17",3.99659563460901,4.21258568763733,1.35179076357684,0.00438431180260373,1.35347314059783,1.31550723314285,0.949102690697961,0.0030782590330027,2.6416701129133,2.66323620080948,0.95103655126786,0.00308453119282924,95064
2020,"CA","33",4.05802662765797,4.31688022613525,1.38184723430128,0.00434412152185806,1.45267317135423,1.47731983661652,0.910887609283102,0.00286356289556232,2.60340915829221,2.63920998573303,0.948932331689968,0.00298316431987197,101185
2020,"CA","49",3.89095737121828,4.1096305847168,1.28457272031081,0.00614037971803138,1.26932540091032,1.23067021369934,0.878768816356224,0.0042005984803154,2.62041529827912,2.66021990776062,0.924506364986442,0.00441922831070251,43765
2020,"CA","65",4.0655167083919,4.29915714263916,1.37751129182304,0.00387679283700624,1.42552977358958,1.42073428630829,0.909861416666051,0.00256066447058382,2.6390156132844,2.67018687725067,0.97294638304919,0.00273820736787163,126254
2020,"CA","81",3.80829339507009,4.03105974197388,1.34967714529264,0.00503225672072142,1.15466670349155,1.05582702159882,0.907702602939658,0.00338435939290431,2.65314418954846,2.6856877207756,0.992394618529779,0.00370013266218674,71934
2020,"CA","97",4.11744918067737,4.34014701843262,1.37924453334255,0.00416547641856266,1.50648749478619,1.53710061311722,0.96159220365607,0.00290411856039473,2.61009393062601,2.61625492572785,0.935214310210691,0.00282445430183733,109636
2020,"CA","113",3.99383737267032,4.24359703063965,1.40180970998,0.00361828738369034,1.35803109150635,1.34987103939056,0.927152369260597,0.00239312347215948,2.6351010854543,2.66751919686794,0.994324819400526,0.00256650594136519,150097
2020,"CA","129",4.18770708404076,4.41170287132264,1.42448948122987,0.00397193028771869,1.59227007255451,1.63380110263825,0.954410798515692,0.00266120122858143,2.59398540592025,2.61039531230927,0.953961152166367,0.00265994747137424,128622
2020,"CA","145",3.77210614250219,4.04490494728088,1.43523457774612,0.00447776773419369,1.15728133371803,1.09706908464432,0.834842221400527,0.00260461224951837,2.61083422627563,2.70259404182434,1.04574794519496,0.00326261398638186,102736
2020,"CA","161",4.04941919074231,4.32690858840942,1.50983586484203,0.0025940244216678,1.49392160360684,1.52491009235382,0.923422002936855,0.00158651631140993,2.5519194668083,2.58834862709045,1.014059987502,0.00174223995724963,338775
2020,"CA","177",3.89202188927307,4.12747502326966,1.39111413997198,0.00304828565505017,1.29413018373878,1.26730795949697,0.873572193818342,0.00191421933725782,2.59368780104776,2.64102494716644,0.96508597132567,0.00211474934928161,208264
2020,"CA","193",4.12774342997281,4.3698558807373,1.45378160720228,0.0028076009101348,1.5297809996843,1.56222653388977,0.924208681866492,0.00178486859615483,2.59224187166151,2.61610984802246,0.978089066414858,0.00188892453959706,268119
2020,"CA","209",4.20038737739153,4.4364972114563,1.38571627185257,0.00252575411328722,1.66800529694022,1.72125309705734,0.917462304625245,0.00167226454416617,2.52937535063001,2.54107463359833,0.911144519399837,0.0016607490757084,301000
2020,"CA","225",4.22261197293376,4.44281816482544,1.3353660221325,0.00223246991806317,1.62804029984334,1.68322241306305,0.91804034288516,0.00153478328420143,2.59304968160845,2.59883642196655,0.914217974950525,0.00152839303516977,357791
2020,"CA","241",4.29237006827998,4.49122714996338,1.28789161046025,0.00257959868950165,1.71149253161739,1.77561283111572,0.891373820229857,0.00178538839747493,2.5807104243426,2.57748258113861,0.883865351009153,0.00177034921467058,249261
2020,"CA","257",4.1428832006815,4.34031772613525,1.23715318854791,0.00305425236803556,1.53565786689315,1.55643844604492,0.886727096501484,0.00218912933285956,2.60660472670141,2.60566210746765,0.877723320199442,0.00216690103862216,164073
2020,"CA","273",4.22863037146201,4.40779662132263,1.2805982636905,0.00286100248657465,1.68782666713433,1.74782943725586,0.937873914484572,0.00209531722595116,2.54023321962833,2.52609974145889,0.860561584800605,0.00192259266920277,200350
2020,"CA","289",3.87800664381774,4.08658647537231,1.3142377847944,0.00386011623938786,1.23086698363383,1.16970992088318,0.916694595622161,0.00269247143558102,2.64655205114726,2.66584157943726,0.973828928002263,0.0028602836586039,115917
2020,"CA","305",4.10495810997945,4.30728363990784,1.32572854143387,0.00334562391388398,1.54252246938949,1.57888674736023,0.93977173695179,0.00237161884840889,2.56202063100562,2.56787931919098,0.915495012279798,0.00231035382463143,157020
2020,"CA","321",3.77308112679947,3.97247219085693,1.24534000758658,0.00545907796034179,1.06519467689879,0.980503380298615,0.82055834528819,0.00359700318840505,2.70550963904409,2.75276777148247,0.936604338755815,0.00410570291817024,52040
2020,"CA","337",3.82462302234618,4.0385479927063,1.34658600403629,0.00413201238532657,1.17759515419782,1.08680498600006,0.91259834897434,0.0028003170012815,2.64494557967847,2.67688953876495,0.973305728480345,0.00298659819182384,106205
2020,"CA","353",3.94703508303807,4.18041443824768,1.4107154701372,0.00514489736006054,1.44511017365578,1.45514714717865,0.978904650527362,0.00357007777887301,2.50055922769093,2.52166736125946,0.942030784992804,0.00343559831971919,75184
2020,"NOA","1",3.94004629070822,4.23853445053101,1.58145458195688,0.00464061096353564,1.45741636402392,1.40797567367554,1.02801129352197,0.00301659025417814,2.48180621784539,2.51711916923523,1.06524506191329,0.00312584880373238,116135
2020,"NOA","17",3.81685959198466,4.12116527557373,1.50576725944235,0.00381040869173055,1.3192016758757,1.23938417434692,0.96835547312789,0.00245046509568674,2.49641563560628,2.53824102878571,1.06652898591269,0.00269889738432042,156161
2020,"NOA","33",4.03045637925932,4.32428526878357,1.48576829032341,0.00348009505032063,1.55496639592979,1.54256188869476,1.01191782676219,0.00237020149318151,2.47502668367061,2.49073848128319,1.03531437455021,0.00242500291186974,182272
2020,"NOA","49",3.90426881086989,4.18841981887818,1.50587427082371,0.0039609073861993,1.47360667654015,1.42003619670868,1.02948474038971,0.00270785801390881,2.42874903046029,2.45445138216018,1.04582371275236,0.0027508344811797,144540
2020,"NOA","65",4.01218555258382,4.26303625106812,1.43694726241398,0.00328887195309891,1.5615119956487,1.53702366352081,1.03463237444608,0.00236805726075666,2.45017499400977,2.4518273472786,1.00488328503811,0.00229996781283932,190892
2020,"NOA","81",3.8281785638221,4.07079792022705,1.38036890433829,0.00415284261767484,1.29783687469611,1.21145260334015,0.947270123740751,0.00284986406746572,2.52980896350311,2.55812698602676,0.997449363424768,0.00300082841071294,110484
2020,"NOA","97",3.6944458680481,3.98719143867492,1.46376711883244,0.00609850030106988,1.24812202447005,1.12626218795777,0.961759416749671,0.00400698308982582,2.44549189386438,2.486800968647,1.05880320804199,0.00441129712502921,57610
2020,"NOA","113",3.73149721951422,3.98509359359741,1.44376839875081,0.00653262118197947,1.21229616389597,1.10805547237396,0.928527302006823,0.00420130896782633,2.51833268283217,2.56911891698837,1.02544394361585,0.00463982785105528,48845
2020,"NOA","129",3.79987105948219,4.07328701019287,1.47017495614826,0.00505743589996907,1.31854399580542,1.2355437874794,0.982767947554286,0.00338074450153995,2.47926512497047,2.51992529630661,1.0510307439543,0.00361557010219514,84504
2020,"NOA","145",3.83716774107977,4.06899905204773,1.32622443300944,0.0051830956180254,1.29300116977823,1.19768351316452,0.949003426989864,0.00370885604389045,2.53959689559799,2.54768234491348,0.983989035714749,0.00384558535663914,65472
2020,"NOA","161",3.89873000709713,4.1374659538269,1.39417348734338,0.00358737338645428,1.32943970916861,1.24902707338334,0.964311605044155,0.00248128788819263,2.56501249634908,2.58175707422197,1.02224824104856,0.00263036570956114,151036
2020,"NOA","177",3.94025982813445,4.19480276107788,1.392277724535,0.00341520594561887,1.47497792697525,1.43364918231964,1.01684354389758,0.00249427973721479,2.46024701463583,2.46509206295013,0.98807504118821,0.00242371166033746,166195
2020,"NOA","193",4.07482759497446,4.36207628250122,1.47275761036962,0.00334269885733378,1.58764851225642,1.58419001102448,1.02368479003756,0.00232344409822452,2.48022670280702,2.48428606987,1.03490249635501,0.00234890478084141,194119
2020,"NOA","209",3.93014731013267,4.2286810874939,1.49092709279637,0.0037843348928217,1.48074294170574,1.43629169464111,1.03866385863629,0.00263638101496823,2.44581546653186,2.45181083679199,1.04110846560434,0.00264258602089585,155215
2020,"NOA","225",4.06539437721709,4.31212615966797,1.38249853368721,0.00364017131038302,1.5872750275933,1.56289112567902,1.02581533247391,0.00270101085247691,2.47500764445921,2.46105021238327,0.994260945051189,0.00261792694821658,144240
2020,"NOA","241",4.09761226072912,4.36219954490661,1.46446963530388,0.00338076781086297,1.67348661024028,1.65641337633133,1.0705625839855,0.00247142271591138,2.42370544993516,2.42118489742279,0.993680353040367,0.0022939380038076,187642
2020,"NOA","257",3.8795005506058,4.18360137939453,1.50131099741925,0.00343535036390684,1.49677816389588,1.44100546836853,1.05164491080719,0.00240640928711813,2.38092814677175,2.39363598823547,1.02373787242067,0.00234255146242924,190985
2020,"NOA","273",3.96918935638806,4.25672578811646,1.49032563807515,0.00323354090488895,1.55165111048433,1.52050840854645,1.05392714457105,0.0022866925493846,2.41639282693304,2.41027593612671,1.04161618297265,0.00225998160991611,212425
2020,"NOA","289",4.05204083123837,4.30532670021057,1.41671030211184,0.00354044833599806,1.60284784205639,1.5676064491272,1.07002888285938,0.00267406961899138,2.44872623172481,2.43951964378357,1.00595074992044,0.00251393432612355,160120
2020,"NOA","305",3.86847054256879,4.14146161079407,1.46850888835045,0.00501937732547621,1.49078586412039,1.42305397987366,1.05063108455882,0.00359106702391069,2.37751509929832,2.3846355676651,1.04353148476889,0.00356680052441024,85596
2020,"NOA","321",3.87261521777454,4.10072326660156,1.34074229707923,0.00565613359870781,1.41938081852527,1.33986699581146,1.02086950615902,0.00430669959936459,2.45035859737572,2.45177954435349,0.962814618419763,0.00406178586625827,56189
2020,"NOA","337",3.89652723795551,4.15744853019715,1.41068789850285,0.00304965308044163,1.37316846785017,1.27048182487488,1.02156452145358,0.00220843844554642,2.52200577605841,2.53564536571503,1.02761597964767,0.00222152060790307,213974
2020,"NOA","353",3.73237059566836,3.98557734489441,1.38553607913807,0.00557877204143035,1.1556653600585,1.01517480611801,0.930984800543955,0.00374855051014061,2.57393909138794,2.61230844259262,1.0319078132085,0.00415491053920614,61682
2020,"NWA","1",4.20507552410776,4.42978501319886,1.47831396603436,0.00495048279958645,1.8252653194727,1.87169748544693,0.937790342127996,0.0031404120268015,2.37930573805551,2.38904249668122,0.91442685190528,0.00306217387229355,89174
2020,"NWA","17",4.07826815245914,4.28375554084777,1.36791501622847,0.00413242860490904,1.57344492427422,1.58429378271103,0.891594887382512,0.00269348034994797,2.50404583155714,2.51410594210029,0.922604620202817,0.00278715978574401,109574
2020,"NWA","33",4.06399614841946,4.30425453186036,1.42597285045231,0.00357029158612418,1.6149271370564,1.64104223251343,0.905978006547413,0.00226835009724329,2.44820448784657,2.46230447292328,0.944669412130604,0.00236522403124923,159520
2020,"NWA","49",3.89334860803824,4.0794734954834,1.32453592137739,0.00555367075514415,1.37904108161063,1.34247648715973,0.877249879099184,0.00367823697332461,2.51366819120235,2.54333400726318,0.906804918094658,0.00380215883387001,56881
2020,"NWA","65",3.84580534267858,4.07866477966309,1.43458663033351,0.0045653683042283,1.3783500250582,1.34606975317001,0.886356666912073,0.00282070426964811,2.46727420540131,2.50881081819534,0.968381205107117,0.00308173571865692,98742
2020,"NWA","81",3.95474696799541,4.19366073608398,1.36781546759774,0.00416099351033238,1.54969544703234,1.57425737380981,0.89399038144785,0.00271958335288985,2.40485352232552,2.41916489601135,0.924717948075572,0.00281305883138463,108059
2020,"NWA","97",3.98329837884584,4.19568824768066,1.34876902420006,0.00383878505413855,1.53047403980116,1.5270961523056,0.880097228086892,0.00250487965303954,2.45220027074544,2.46463012695312,0.921724363204824,0.00262335629453277,123449
2020,"NWA","113",3.87382338530851,4.10915446281433,1.39986839631555,0.00490894904291041,1.41994796301344,1.39476573467255,0.862980535200937,0.00302623266835294,2.45293742559587,2.48879736661911,0.960609967462786,0.0033685919282113,81320
2020,"NWA","129",3.82625794541512,4.06385946273804,1.40175415962529,0.0040567210552531,1.36169276315239,1.32289791107178,0.86940493595701,0.00251608549546274,2.4629675577111,2.49183690547943,0.973036394195299,0.00281599822676095,119397
2020,"NWA","145",3.89606780871447,4.17228746414185,1.48387639546267,0.00351594928682874,1.51969636145046,1.51528370380402,0.904604568033632,0.00214340210246971,2.37256270716739,2.39798593521118,0.98646349168413,0.00233736153541817,178119
2020,"NWA","161",3.89811703116628,4.16679096221924,1.50956766540068,0.00364646891355705,1.51109381431259,1.51532953977585,0.915882475638101,0.00221237977762299,2.38227969071691,2.41285514831543,0.993431171231,0.00239970421113313,171380
2020,"NWA","177",3.55654270831327,3.83388257026672,1.51655142184099,0.00406903989690765,1.25918469728026,1.20233762264252,0.851187759991308,0.00228381108960988,2.29252545474419,2.34316825866699,1.05069351483683,0.0028191024516025,138909
2020,"NWA","193",3.93115627971189,4.17601633071899,1.42849849929351,0.00412886705393195,1.5349080685722,1.53996682167053,0.884655969825105,0.00255696935606273,2.38790103540225,2.40885502099991,0.953849994442484,0.00275696461591981,119701
2020,"NWA","209",4.05678592372968,4.29722571372986,1.41037930839653,0.00331120573091122,1.65122053870852,1.67752158641815,0.865190986805152,0.00203124459979422,2.40245002781641,2.41322255134583,0.934574102039122,0.002194138203964,181426
2020,"NWA","225",3.9892174446171,4.19379806518555,1.38049417657401,0.00325716911912117,1.54019701153193,1.54494631290436,0.873840560265815,0.00206175914120617,2.44697779489388,2.46305352449417,0.915982768715856,0.00216119041900822,179634
2020,"NWA","241",3.8676437075831,4.05974006652832,1.31312472052022,0.00320680915562277,1.44024448328605,1.4271463751793,0.854309697112698,0.00208632745665847,2.42703163367041,2.44242450594902,0.892165375243643,0.0021787755945433,167674
2020,"NWA","257",3.9201019587541,4.15601396560669,1.39057769400613,0.00328680240201239,1.46107876651208,1.46443462371826,0.867689751437715,0.00205089206559245,2.45831268477729,2.48412239551544,0.945701488908938,0.00223528245759341,178996
2020,"NWA","273",3.99214172819407,4.2161111831665,1.42362108898312,0.0031413963824777,1.64134459917819,1.66429615020752,0.899991957785841,0.00198594380367526,2.35026832148383,2.35644507408142,0.91641095121388,0.00202217434771392,205373
2020,"NWA","289",3.87889309156941,4.10579681396484,1.3791283569616,0.00398673607988375,1.43642286969016,1.42642486095428,0.850369003913059,0.00245821701221781,2.44150390666706,2.47229146957397,0.949857034942978,0.00274581353709633,119667
2020,"NWA","305",3.80079344757766,4.04023694992065,1.42193102437143,0.0038873651961348,1.35714388713297,1.32427227497101,0.851661235256032,0.00232832548702213,2.44339747750241,2.48472666740417,0.984446248408008,0.00269134157560032,133797
2020,"NWA","321",3.94677503339705,4.16987228393555,1.34551249866775,0.0038118336844247,1.528136078018,1.52376115322113,0.879646011958643,0.00249203504395077,2.41767794039286,2.42774629592896,0.925218679816018,0.00262114230278325,124597
2020,"NWA","337",3.79308393510684,4.00227189064026,1.36881845649564,0.00510227740193633,1.32962064874148,1.2824581861496,0.892471878646178,0.0033266932343519,2.46137916280208,2.48945367336274,0.955878157647744,0.00356304044530257,71972
2020,"NWA","353",3.79176116421636,4.00475931167603,1.36160227899615,0.00614852029617673,1.28432925775206,1.230473279953,0.870460413711724,0.00393069518411116,2.50599893788754,2.53941535949707,0.953611959740366,0.00430617852186858,49041
2020,"Southern","1",3.54887542979993,3.83312571048736,1.57656096864104,0.00500125219581736,1.22439901718955,1.12955844402313,0.900797683190067,0.00285755925755591,2.32339320073423,2.38654601573944,1.08840671946509,0.00345270281577454,99372
2020,"Southern","17",3.55777337571834,3.83202123641968,1.48594639902691,0.00427001380566901,1.1297583648724,1.0268098115921,0.835835083370949,0.00240185470188809,2.42617213623111,2.50706648826599,1.08792740287653,0.00312626689151813,121101
2020,"Southern","33",3.45479006249789,3.76257133483887,1.64926334484234,0.00414381235194893,1.12548285419622,0.972656846046448,0.896330791122821,0.00225205187231149,2.32876929843437,2.41392821073532,1.15831012851922,0.00291028102513509,158409
2020,"Southern","49",3.38353899526426,3.64795327186584,1.54529632397949,0.00561784811088178,1.06901980120419,0.927157878875732,0.861037261478311,0.00313025824091649,2.31383304204943,2.36437749862671,1.10740661249306,0.00402592179210718,75663
2020,"Southern","65",3.52059503827857,3.81255328655243,1.58671566824552,0.00383443670338342,1.2185651971354,1.11890256404877,0.905423968905473,0.00218803593357914,2.30145316911325,2.36383467912674,1.09418533445154,0.00264419422502082,171236
2020,"Southern","81",3.47873756480728,3.77520871162415,1.52767578541467,0.00465743989953474,1.09973938382046,0.981251657009125,0.847489731838105,0.00258375011844374,2.3775572785165,2.4600368142128,1.0977832012591,0.00334682223243806,107589
2020,"Southern","97",3.34276334198031,3.64490222930908,1.66984735343648,0.00392297601102282,1.07538885590735,0.93268609046936,0.88104689733245,0.00206984538778847,2.26636890215116,2.34363567829132,1.17375480858372,0.00275750471887176,181185
2020,"Southern","113",3.41520686744876,3.69597291946411,1.54604437633984,0.00366710427145528,1.07718541316839,0.946736037731171,0.842775313721792,0.00199900145178428,2.33697657528078,2.41135108470917,1.10660336287231,0.00262478230308173,177745
2020,"Southern","129",3.50674777286897,3.83182299137115,1.65162874547056,0.00345795493331967,1.19669923889328,1.08272820711136,0.914879120045462,0.00191544908335379,2.30863475813565,2.38496673107147,1.13913982132345,0.00238497554349844,228132
2020,"Southern","145",3.51587937147757,3.85307812690735,1.63177109267888,0.00290389805745083,1.16552190673839,1.05722391605377,0.887320004569405,0.0015790737127082,2.34652507018378,2.43625676631927,1.1471480943688,0.00204146349803094,315759
2020,"Southern","161",3.62496584650475,3.92526400089264,1.62001518733702,0.00212315033998878,1.26902202652915,1.18746310472488,0.907563223929367,0.00118942907604117,2.35273083068977,2.42079663276672,1.09552221436778,0.00143576330646851,582206
2020,"Southern","177",3.53320940972533,3.8310602903366,1.62863315418141,0.00242679853006145,1.18078094242425,1.06472545862198,0.900714205997658,0.00134213890065332,2.34841011504504,2.42743641138077,1.12235623008856,0.00167240390654656,450380
2020,"Southern","193",3.48805888014334,3.80945754051208,1.68297997260882,0.00243456734446853,1.16980423633589,1.055997133255,0.902650901442815,0.00130575790792167,2.31340858027319,2.40357375144958,1.14443568559005,0.00165551925354349,477875
2020,"Southern","209",3.53306615384358,3.80781412124634,1.60885458428542,0.00233689186403263,1.2260485969644,1.11381787061691,0.917238855616846,0.00133230687223212,2.30443100887471,2.38872468471527,1.07516285274319,0.00156169447980387,473976
2020,"Southern","225",3.53308427461754,3.80386090278625,1.5637809782259,0.00217910740410738,1.22823868981028,1.12821686267853,0.885945979496013,0.0012345536046545,2.30340565805691,2.37643212080002,1.06045495182215,0.00147772947069584,514985
2020,"Southern","241",3.52779741115273,3.77085304260254,1.52002082215781,0.00234046926393103,1.19477014215979,1.0841372013092,0.883159250607894,0.00135985445138168,2.33293799731718,2.40034079551697,1.02784017481138,0.00158262854186729,421787
2020,"Southern","257",3.52899844940987,3.75097358226776,1.4575913911518,0.00262377491484476,1.17760594851295,1.06061816215515,0.873259279344829,0.00157193285114686,2.35093223843186,2.40922027826309,1.00226785126119,0.00180415805283841,308616
2020,"Southern","273",3.3291386718237,3.56805956363678,1.53705122922824,0.00277918246726586,1.10337160962401,0.97573035955429,0.86565931135232,0.00156522120732682,2.22540293242733,2.29219810664654,1.04676868879323,0.00189268980230263,305874
2020,"Southern","289",3.41088116902504,3.64538145065308,1.53529464205255,0.00359145286410118,1.14174631195044,1.01192635297775,0.874776755983765,0.00204633000055731,2.26903331638069,2.32206553220749,1.06212783018808,0.00248459281579384,182744
2020,"Southern","305",3.58113697642044,3.84716987609863,1.54053014540801,0.00341791075650583,1.26182796794729,1.1657989025116,0.913523400205977,0.00202679672656249,2.31909350216215,2.37275624275208,1.04092327574436,0.00230945358094349,203151
2020,"Southern","321",3.53059966387795,3.80789411067963,1.51736833425863,0.00437352774863784,1.17133116674681,1.05793112516403,0.881737605195725,0.00254144217740323,2.35846009120944,2.425616979599,1.08149615429981,0.00311720848134499,120370
2020,"Southern","337",3.50889265546373,3.79047095775604,1.5325485421839,0.00386846893375337,1.11845099060983,0.995676785707474,0.868826571070195,0.00219309764519106,2.38869348309785,2.4697459936142,1.10101331313089,0.00277918491992839,156946
2020,"Southern","353",3.58912124494259,3.85055708885193,1.50272661600756,0.00466764072529671,1.17508570715945,1.05918848514557,0.88603322304521,0.00275212051999145,2.41259566783125,2.46493570506573,1.06532160812834,0.00330901074797585,103649
2020,NA,"1",2.95804753938788,2.92026710510254,1.62363530496523,0.152067378981355,0.815688205220668,0.545172065496444,0.846126573307308,0.0792470143361863,2.14157124312253,2.08600836992264,1.18490843740406,0.110976843049607,114
2020,NA,"17",3.26443553314759,3.94426274299622,1.64557512842725,0.456400423320976,0.623290053067299,0.534506440162659,0.53862294776767,0.149387127409069,2.64040422181671,2.95968091487885,1.34868410014955,0.3740576674994,13
2020,NA,"33",2.09011398987349,1.74699002504348,1.63850783166433,0.104467443764108,0.595690542813088,0.354088217020034,0.676118006285685,0.0431077096090564,1.49365890567187,1.24960616230965,1.21269790807602,0.0773187946169895,246
2020,NA,"49",2.38586147829281,2.22384786605835,1.09094872721678,0.0496398858991704,0.730678686145915,0.697372436523438,0.504920875417035,0.0229746953440739,1.65502074526601,1.50593173503876,0.812330241343101,0.0369623058231079,483
2020,NA,"65",3.62580664555349,3.93550395965576,1.69426609780783,0.0770120953549014,1.22305183925496,1.08377856016159,0.904152901562197,0.041097859161918,2.40241901024737,2.51512709259987,1.22411178838234,0.05564144492647,484
2020,NA,"81",3.55895910362982,3.67825472354889,1.45229357827565,0.0797049649536033,1.0275727352415,0.929244428873062,0.777371172953829,0.0426637857682973,2.5311798916152,2.61800575256348,1.09648252577673,0.0601772965167546,332
2020,NA,"97",2.7356066142763,2.67010903358459,1.54239989335087,0.0776065609749031,0.6131420151416,0.463708192110062,0.609156421304465,0.0306499858804544,2.1217645609489,2.10101571679115,1.19143673877801,0.0599476882190638,395
2020,NA,"113",3.59052997962995,3.88804280757904,1.38187813999692,0.170097440603968,0.801973638244707,0.626094311475754,0.691372055064302,0.0851020170793103,2.78832788761903,2.97816675901413,1.13945275725037,0.14025693879046,66
2020,NA,"129",3.61241977298466,3.89876055717469,1.82476078420773,0.172423687042744,0.600084304668209,0.242895863950253,0.761424164590707,0.0719478207765045,3.01085229198881,3.2622860558331,1.5173882730691,0.143379714745235,112
2020,NA,"145",3.37770051748927,3.79366266727448,1.52291740077322,0.0867762724462646,0.882625169959071,0.746074885129928,0.700740935544814,0.0399284204817765,2.49243536026916,2.62690037488937,1.14467976127395,0.06522418272823,308
2020,NA,"161",2.9350911621082,3.22004866600037,1.71296558362045,0.156371648396487,0.544627762753711,0.21742033958435,0.660090584583817,0.060257750528888,2.38851708674629,2.72290322184563,1.2964712030392,0.118351087176738,120
2020,NA,"177",3.45872272762319,3.73459160327912,1.51115528300682,0.0916272477727538,0.949104700802469,0.719827026128769,0.88682675644786,0.0537717704185064,2.50647436712204,2.58055806159973,1.12799361371864,0.0683946590350609,272
2020,NA,"193",3.02463447465071,3.34181582927704,1.74181919934068,0.0893534395884914,0.792366386802812,0.610336720943451,0.794533246537564,0.0407586955479738,2.22802123422198,2.37835608422756,1.29606938557302,0.0664869566199114,380
2020,NA,"209",3.27015793418589,3.54239428043365,1.65322204052332,0.0474875623395977,0.734069980987277,0.561768591403961,0.705879196540961,0.0202758501449407,2.53365702624036,2.69077663123608,1.28516035290798,0.0369152666001105,1212
2020,NA,"225",3.56712779737623,3.78492999076843,1.33027522205745,0.0620919299907664,0.75251513518736,0.717568814754486,0.609469945750585,0.0284476208949392,2.81378827864773,2.92360854148865,1.04400951526609,0.0487301910587616,459
2020,NA,"241",3.0157150329026,3.00694060325623,1.43446541736651,0.0673227978094414,0.895573332734352,0.791672110557556,0.760823054210694,0.0357071951873352,2.12012811661106,2.11534848809243,1.05128338692095,0.0493391740513605,454
2020,NA,"257",3.26771194650141,3.37762093544006,1.50603926000804,0.112566659399217,0.808877152397281,0.650893926620483,0.718826210883343,0.0537275935604114,2.45847689851406,2.44850826263428,1.1214270598267,0.0838193938476104,179
2020,NA,"273",3.12246634575087,3.32051467895508,1.64548886697023,0.0714081345406414,0.879046666341242,0.70376706123352,0.794870084200076,0.0344944235444146,2.24242817914799,2.27436394244432,1.14580462860924,0.0497236855984747,531
2020,NA,"289",3.39523550984967,3.76004481315613,1.49875012842772,0.111710238948364,1.06581867841047,1.00970262289047,0.784989840920106,0.0585096881981368,2.32941683143921,2.50727987289428,1.13485255839331,0.0845869155002329,180
2020,NA,"305",1.99717712267038,1.96048033237457,1.40650620218611,0.193198485129613,0.210504165178446,0.030540818348527,0.332803819470572,0.0457141203267555,1.78667295749194,1.6246168538928,1.23334684172186,0.16941321772325,53
2020,NA,"321",3.12051926674469,3.5761775970459,1.51682204824945,0.135129248125098,0.508019425562538,0.301969572901726,0.54830005183458,0.0488464509313188,2.61249984118215,2.80354212282691,1.25466267644238,0.111774235029052,126
2020,NA,"337",3.95257554806264,4.4748649597168,1.6177758151804,0.210616471589451,1.1891584734756,1.19371235370636,0.994402649494832,0.129460198014178,2.76332831821973,2.801922082901,1.24851031428297,0.162542198164825,59
2020,NA,"353",3.05584674310684,3.51338672637939,1.92137465269955,0.17185297334725,0.656951312751975,0.469218760728836,0.680316110433316,0.0608493227646859,2.39777875032881,2.72276711463928,1.44990654688175,0.129683583993983,125
2021,"CA","1",3.97592649783074,4.24470281600952,1.49583037046432,0.00472185709280753,1.5199805718978,1.53463137149811,0.977916093982715,0.00308696770417196,2.45584050756348,2.50108933448792,1.01550496126822,0.00320562371163594,100355
2021,"CA","17",3.77624997997048,4.02096128463745,1.37336734296079,0.005921997803783,1.18534433760777,1.11598837375641,0.884896612643265,0.00381569856273918,2.59055864033885,2.64153319597244,0.999920100055513,0.00431168300807359,53782
2021,"CA","33",3.98750235544959,4.24023962020874,1.42576926130397,0.00377220637310884,1.32642020695688,1.30683147907257,0.911011900663072,0.00241029526370647,2.65961228964187,2.70738101005554,1.00267986385516,0.00265282432107082,142859
2021,"CA","49",3.94992095700353,4.18300652503967,1.35299318550091,0.00530222827874328,1.35632717848521,1.34124904870987,0.895722456866651,0.00351023566977203,2.59359377851824,2.62487804889679,0.962186459052012,0.00377070062678895,65114
2021,"CA","65",3.94402526137324,4.17098665237427,1.38278058658088,0.00457445730673733,1.36091377153168,1.33419108390808,0.936677664729354,0.00309867814826182,2.58274001622443,2.60490775108337,0.978852180421708,0.00323819812947882,91375
2021,"CA","81",3.72382611736894,3.93763542175293,1.29125713386018,0.00594784177216603,1.14931147921682,1.07287323474884,0.877388829945739,0.0040414645513573,2.57238313991459,2.60343831777573,0.940156807113679,0.00433058899200047,47131
2021,"CA","97",3.99331887778014,4.22985816001893,1.39638310173487,0.00362095240574346,1.52602532375311,1.56065142154694,0.969453229305514,0.00251388318760683,2.46672434186391,2.49185609817505,0.948169619684558,0.00245869279081375,148718
2021,"CA","113",3.72136188071054,3.99372673034668,1.43191657954371,0.00535480226717778,1.22854364827132,1.19713950157166,0.851550359653214,0.00318446190345817,2.49269365245773,2.58188414573669,0.989780690739721,0.003701388727876,71507
2021,"CA","129",3.86324373638176,4.16731262207031,1.56191560736771,0.00373390581072644,1.48730408496165,1.5155246257782,0.961926257610523,0.002299574974371,2.37486273176779,2.44627895951271,0.998232805306781,0.00238636918320725,174980
2021,"CA","145",3.91985128625142,4.18516087532043,1.42970884654985,0.00299710218568729,1.37269480963394,1.36867344379425,0.936520928171952,0.00196323113446454,2.54646498367965,2.58744502067566,0.980908398023406,0.00205628069712897,227558
2021,"CA","161",3.89747841899341,4.18033599853516,1.46667531543879,0.00385325956635058,1.39357267794091,1.4016364812851,0.934178706432138,0.00245428078004008,2.50211132925211,2.55113577842712,1.01544750650527,0.00266779073553691,144881
2021,"CA","177",4.15863504981545,4.41773700714111,1.45134670756195,0.00318102671646574,1.69252659537176,1.75712215900421,0.939429131015462,0.00205901811635786,2.46576851804893,2.48755872249603,0.937898492422355,0.00205566329959866,208165
2021,"CA","193",4.22009753521024,4.43142676353455,1.36465346175274,0.00326324608425807,1.64929695634733,1.68623846769333,0.92627797838619,0.00221497476877459,2.56947923501362,2.57880926132202,0.91063583844674,0.00217757028966144,174882
2021,"CA","209",4.22871017106955,4.43424367904663,1.30903981529536,0.00267155989848784,1.664470682573,1.72040832042694,0.908826157219367,0.00185478202263561,2.56329964353084,2.56382918357849,0.88429351986206,0.00180471447739968,240091
2021,"CA","225",4.03251852203223,4.28150749206543,1.41082011511563,0.00245136949577798,1.43981301378796,1.44755232334137,0.901574280869952,0.00156652975572398,2.59120031930268,2.63145136833191,0.963799220770986,0.0016746486561534,331227
2021,"CA","241",4.07918656811168,4.29023742675781,1.35023644461194,0.0031296502350422,1.53320379154732,1.56327426433563,0.892002006399676,0.00206752995012602,2.54591411476567,2.5629734992981,0.912242249197393,0.00211444386722696,186135
2021,"CA","257",3.92142839856812,4.13019800186157,1.26266129803042,0.00290877877528359,1.28611724363003,1.25925898551941,0.86979862171344,0.00200374540152416,2.6345476597474,2.66176354885101,0.906695487044503,0.00208874429942093,188431
2021,"CA","273",3.93963714892877,4.20133137702942,1.40807982913555,0.003338838853682,1.38253961919796,1.38821411132812,0.941414112985339,0.00223228111986358,2.55230611889197,2.58235283195973,0.962574670719514,0.00228245703380436,177854
2021,"CA","289",3.64136351500718,3.96476721763611,1.52760603570036,0.00492236052831878,1.07130272087311,0.969789803028107,0.878252791716787,0.00282996844395845,2.56466079440919,2.6609400510788,1.08601616267273,0.00349943831545914,96311
2021,"CA","305",3.69306470034967,3.95200967788696,1.40268415335261,0.00629919034584123,1.09085446914954,0.995925664901733,0.894744864255883,0.00401813066572434,2.59839549714428,2.65278482437134,1.02138838735598,0.00458686287544433,49585
2021,"CA","321",3.71267990033422,3.95351505279541,1.28830513765478,0.00631029516307828,0.980908909041669,0.851734697818756,0.813214831542028,0.00398323771910493,2.72805931178557,2.79464614391327,0.991233197138786,0.00485519607627585,41681
2021,"CA","337",3.55664200816167,3.77698063850403,1.33638942958466,0.0065596825524309,0.914546945115407,0.733762383460999,0.836921962936326,0.00410804087228219,2.64009653821467,2.69758653640747,1.01865916542152,0.00500009997562321,41505
2021,"CA","353",3.86492516521497,4.10007500648499,1.40299338975486,0.00829868571407899,1.13910241942557,1.04630422592163,0.884817070671667,0.00523368024224205,2.72392441836195,2.78369876742363,1.02238191282365,0.00604737430428296,28582
2021,"NOA","1",3.92077560296017,4.21044826507568,1.50829085626812,0.00346698720056343,1.46448186159791,1.40955531597137,1.00208664925035,0.00230341619613245,2.45602886871422,2.50142431259155,1.06456619026185,0.0024470329051271,189263
2021,"NOA","17",3.8451110104272,4.1069188117981,1.40150195320495,0.00421621155573164,1.31153315879768,1.23925399780273,0.922501794947815,0.00277521035140034,2.53300883730005,2.56880116462708,1.01501135750342,0.00305351170215528,110495
2021,"NOA","33",3.99868110448496,4.25537967681885,1.39563096432066,0.00406392381944486,1.39770873515873,1.32808244228363,0.955255008905213,0.00278159748785996,2.60036762902069,2.62733125686646,1.02346304046091,0.00298021177143712,117937
2021,"NOA","49",3.75633234214537,4.04720067977905,1.50276906971882,0.00506548813817429,1.26695961137446,1.16280299425125,0.964823414595084,0.00325219733393812,2.48927168953479,2.54292541742325,1.07671402967564,0.00362935480602372,88012
2021,"NOA","65",3.86281335233337,4.14888381958008,1.49818070187708,0.00345790894383751,1.36744619441043,1.29364281892776,0.990849498795814,0.00228695199423552,2.49442781854523,2.52790260314941,1.05306427980248,0.00243054818888166,187716
2021,"NOA","81",3.64289541739865,3.93558502197266,1.45876610037042,0.00560769475113376,1.05890597069918,0.910894274711609,0.886147797142459,0.0034064723258257,2.5816540995737,2.65626978874207,1.09942999480532,0.00422635802240213,67671
2021,"NOA","97",3.7245018535128,4.03304672241211,1.52350140457823,0.00418455920168582,1.23386163528642,1.13226568698883,0.949032686765421,0.00260668185153678,2.4897458585253,2.54989166464657,1.08646989128613,0.00298417682272804,132552
2021,"NOA","113",3.80439230606993,4.06368350982666,1.4052037334963,0.00662809828941984,1.39477083828306,1.32062232494354,0.998648977967527,0.00471045117858339,2.40954675635281,2.42163825035095,1.00546290469523,0.00474259126973996,44947
2021,"NOA","129",3.8532338037628,4.10334253311157,1.42232877350699,0.00393782412536699,1.34342305404081,1.27083945274353,0.962646175360762,0.00266515829823311,2.50722760437606,2.54278635978699,1.01895548511555,0.00282105485503863,130463
2021,"NOA","145",3.8258450345418,4.0605034828186,1.3393301368308,0.00436655552314708,1.23379818319727,1.14096200466156,0.929515305500135,0.00303045535933768,2.5914920639062,2.62484931200742,0.999504019740846,0.00325863629719732,94080
2021,"NOA","161",4.00265510703919,4.23219156265259,1.34134417150553,0.00342676178240163,1.57811372337762,1.56889355182648,0.990530777865768,0.00253053100463632,2.4233357552758,2.41399192810059,0.961181002690381,0.00245555048134512,153219
2021,"NOA","177",3.86426054186895,4.13361477851868,1.42663668793742,0.00372050205310295,1.43496735339731,1.37456977367401,1.00714342009475,0.00262651254794873,2.42781002601234,2.43490874767303,1.01829018600042,0.00265558201306775,147036
2021,"NOA","193",3.77706291773056,4.06509971618652,1.42157770356417,0.00545354710155829,1.35130748549578,1.259162068367,0.987778299295733,0.00378937814486007,2.4220274733867,2.4354961514473,1.0305612992268,0.00395350501930742,67949
2021,"NOA","209",3.77316017213178,4.08477687835693,1.5191994672262,0.00438845942484755,1.27813899555356,1.16355931758881,0.983354235830695,0.00284058167297425,2.49366905948431,2.53784084320068,1.09348034636578,0.00315869919350095,119841
2021,"NOA","225",4.00575248021488,4.27432060241699,1.39605113205841,0.00315370403768698,1.55475861269006,1.54162383079529,1.01995617025279,0.00230409891050852,2.44942093837868,2.44680327177048,0.986009542550096,0.00222741288204336,195957
2021,"NOA","241",4.00167218752972,4.25833892822265,1.39686315696696,0.00281238368136968,1.55861508227703,1.54875379800797,0.994319765748639,0.00200192028067136,2.44285056454902,2.44549837708473,0.983377555004891,0.00197988970825606,246694
2021,"NOA","257",3.9540799390112,4.22295045852661,1.3919719480689,0.00350118752948069,1.54816173758229,1.52458643913269,1.0132244916865,0.00254853480329014,2.40397554972285,2.40859860181808,0.98205406728267,0.00247013271956805,158063
2021,"NOA","273",3.80645086157412,4.10562181472778,1.503242080005,0.00299313461810567,1.31722790181835,1.23722648620605,0.975212617534626,0.00194176485902167,2.48437932110654,2.52442502975464,1.0692290724873,0.00212896285576048,252235
2021,"NOA","289",3.61828535062001,3.92762589454651,1.52543728178332,0.00552622126636116,1.1463648165206,1.0298433303833,0.925176503601846,0.0033516488225364,2.46760106262724,2.53658127784729,1.08620603243717,0.00393501256838742,76196
2021,"NOA","305",3.82014977047429,4.13000631332397,1.48255761701746,0.00331102129019002,1.330917222409,1.23518431186676,1.00065351282075,0.00223477660970657,2.48587668385145,2.51801633834839,1.06587067936925,0.00238042722351703,200493
2021,"NOA","321",3.7225313725601,3.99042975902557,1.37326440089523,0.00484892334285212,1.20515650143048,1.06624871492386,0.949883669483798,0.00335398856545863,2.51347278701007,2.5427541732788,1.02505632529579,0.00361941920304986,80208
2021,"NOA","337",3.78327233673669,4.07053971290588,1.46337015594712,0.00598366529378501,1.29904830831984,1.19573253393173,0.984719441170593,0.00402648060048367,2.48158968497212,2.5062867179513,1.04609918160811,0.00427746004071953,59810
2021,"NOA","353",3.74226667274225,4.05532813072205,1.50171410032678,0.00640542710376416,1.24474777034756,1.13124549388885,0.970454997345528,0.00413938894335996,2.49558924453605,2.53797185840085,1.10105841986888,0.00469646615419082,54964
2021,"NWA","1",3.95074905951514,4.19811201095581,1.46467649438833,0.00513662360675573,1.59107662705785,1.58985531330109,0.92125267564875,0.00323083510908698,2.35929738423802,2.41507387161255,1.0007724463517,0.00350971111546897,81307
2021,"NWA","17",3.8296185296124,4.07773542404175,1.38926378697105,0.00559178736114997,1.38949092798467,1.36785227060318,0.865803616582672,0.00348485994225791,2.43519880058996,2.48852068185806,0.956843102371828,0.00385129391309602,61726
2021,"NWA","33",3.80494702232362,4.05066919326782,1.43481397261642,0.00547375837942473,1.3602162952727,1.31734621524811,0.882959505304863,0.00336845548140426,2.44441601357431,2.4913175702095,0.991998460736871,0.00378443477026726,68710
2021,"NWA","49",3.74837875981297,3.9554158449173,1.31396658500494,0.00525898057860994,1.20317979148199,1.13138502836228,0.854316022484036,0.00341928890849378,2.54369924886735,2.58720284700393,0.945466183232516,0.00378410558692676,62426
2021,"NWA","65",3.77629380667501,4.00139880180359,1.41421010267105,0.00466454113734048,1.3042203936987,1.23959183692932,0.86700624396507,0.00285967854682113,2.47198142132329,2.50331971049309,0.986838976208159,0.00325492725003154,91920
2021,"NWA","81",3.93792788702719,4.13266968727112,1.35855086421285,0.00445055886944695,1.50038540333045,1.48698967695237,0.894836758715678,0.00293144981032176,2.43446596994935,2.44927859306335,0.905255465131711,0.0029655810802429,93180
2021,"NWA","97",3.6505549806195,3.89337456226349,1.40085335320406,0.00430138853492645,1.25703187557353,1.19793093204499,0.875752133861463,0.00268903963388688,2.39151593980887,2.42190251499415,1.00647214336408,0.00309042179774722,106064
2021,"NWA","113",3.91405346529133,4.16312265396118,1.45884247216733,0.00519503255254725,1.59813409673052,1.61896288394928,0.938544465577406,0.00334221764426972,2.31570652063473,2.32827699184418,0.950714332528164,0.00338555532888993,78857
2021,"NWA","129",3.81456641694095,4.08373355865479,1.5009617810037,0.00487425457796767,1.45679607450327,1.44338166713715,0.93449880195208,0.00303471089082248,2.35593161107039,2.38987815380096,0.992211620249159,0.00322212870009131,94825
2021,"NWA","145",3.82568815250905,4.07070302963256,1.46163769500138,0.00374341067317969,1.48928860061785,1.48024624586106,0.902060209491363,0.00231027280399846,2.33467466927262,2.35929650813341,0.955234314354876,0.00244645738131443,152456
2021,"NWA","161",3.87594798413336,4.11548471450805,1.40682499814284,0.00382897775916437,1.49065374582387,1.49316757917405,0.882712774462007,0.0024024932636306,2.38201487010937,2.40797138214112,0.952585851921442,0.00259266791926277,134994
2021,"NWA","177",3.99742378285432,4.24927043914795,1.46711884595152,0.00391412653712216,1.60472208271654,1.61946940422058,0.926532524760428,0.00247189622891085,2.39228048885287,2.4082133769989,0.962423179242772,0.00256764891011434,140495
2021,"NWA","193",4.04423796803574,4.2722315788269,1.36810378287365,0.00550323145670102,1.50920409434566,1.51103115081787,0.856889773152354,0.00344686040165196,2.52706471872827,2.5566600561142,0.951628888775385,0.00382795084800799,61802
2021,"NWA","209",4.00828829117986,4.25704383850098,1.40781865949263,0.00359129233353997,1.60622046629441,1.63932800292969,0.870763097801212,0.00222128383963175,2.40071721438915,2.41531133651733,0.930444691521182,0.00237352933555182,153671
2021,"NWA","225",3.67802854096673,3.93465185165405,1.4137790164163,0.00310078777892571,1.34538764480474,1.32720732688904,0.846091558838121,0.00185570045603571,2.32922311982521,2.36767256259918,0.964295263041707,0.00211495214753932,207883
2021,"NWA","241",3.80682573544812,4.07551431655884,1.47374394564283,0.00386705553404973,1.47276162227601,1.4633332490921,0.916022448746959,0.00240361271048045,2.33394817142998,2.37107455730438,0.960571701291998,0.00252050848067269,145239
2021,"NWA","257",3.75701517894218,4.05341339111328,1.4526240404511,0.00608998434788847,1.34720030208477,1.31979286670685,0.878504825873861,0.00368304564025726,2.40886672915724,2.45688390731812,1.01782412949096,0.00426712820722576,56895
2021,"NWA","273",3.87956742469827,4.14035248756409,1.459963916293,0.00309627254184955,1.52085823327132,1.5308193564415,0.896561981153437,0.00190141702362082,2.35450875755649,2.3776603937149,0.961832455538079,0.0020398417993124,222334
2021,"NWA","289",3.57873962894953,3.87873303890229,1.53203495451119,0.00446666912756422,1.2707337608468,1.22408503293991,0.894511421091879,0.00260796043659428,2.30342472252071,2.35709476470948,1.04026798135172,0.00303291570666531,117644
2021,"NWA","305",3.98020500811402,4.22238779067993,1.36064815168416,0.00599183579214058,1.46556576122354,1.47057807445526,0.859608684876891,0.00378542687828956,2.51218610132639,2.53869462013245,0.935729473989376,0.00412063717359304,51567
2021,"NWA","321",3.89567371797349,4.14036226272583,1.42600126721967,0.00443510338566504,1.54385573724428,1.53909337520599,0.897220528872568,0.00279050650007446,2.35014546670185,2.36317336559296,0.949324145607874,0.0029525574970127,103379
2021,"NWA","337",4.02583251927264,4.2494649887085,1.34322467914465,0.00340373349890265,1.50778140356726,1.51467192173004,0.880893875560204,0.00223218649848791,2.51623301829651,2.53099703788757,0.935778822706535,0.00237126504289526,155735
2021,"NWA","353",3.8356852532185,4.04541802406311,1.31508540678321,0.00404701056067678,1.32806128378861,1.28929609060287,0.858350684483518,0.00264146668113822,2.50378137830322,2.52471089363098,0.936693004140853,0.00288255535368054,105594
2021,"Southern","1",3.53794227516722,3.82428646087646,1.52000900844414,0.00424353468434475,1.19237838450282,1.08363032341003,0.891932542243678,0.00249008174167405,2.34523341783595,2.41703844070435,1.08758641867235,0.00303630482728682,128303
2021,"Southern","17",3.47760466921514,3.79194569587708,1.58465451534898,0.00565155648717703,1.06322267232222,0.914356589317322,0.870974616370364,0.00310626839833944,2.41420983471769,2.50919353961945,1.15238086731003,0.004109883576049,78620
2021,"Southern","33",3.53987730997571,3.83069229125977,1.5110603727656,0.00480047745339257,1.10073833854346,0.968133330345154,0.864622931543624,0.00274681472915921,2.43867530856339,2.5176188647747,1.10573268810213,0.00351279468006856,99082
2021,"Southern","49",3.53681274773379,3.78403639793396,1.41726102061649,0.00514531465519477,1.20405914338001,1.13054847717285,0.841343321323626,0.0030544663673694,2.33260922184775,2.38812851905823,1.00644333190134,0.00365385595872977,75871
2021,"Southern","65",3.47682051325529,3.75883483886718,1.57352504049062,0.00418626934524159,1.18319314717846,1.06324827671051,0.898000550826209,0.00238907680602381,2.29287937940876,2.3510125875473,1.09093637200904,0.00290237102952399,141284
2021,"Southern","81",3.25385208923458,3.53247559070588,1.5641588291703,0.00423287065900931,0.937024757564985,0.768277496099472,0.812623229685734,0.00219909190909386,2.31454889135197,2.40534353256226,1.13910747720099,0.00308261189834529,136550
2021,"Southern","97",3.32781157477367,3.60758852958679,1.57890723043873,0.00302981782992179,1.04523474379003,0.915053725242615,0.839696065315252,0.00161132083086375,2.28201518497887,2.36154597997665,1.12465370335002,0.00215813556186618,271569
2021,"Southern","113",3.38652950573688,3.67748546600342,1.62327617090312,0.00421735461223731,1.07445293462227,0.905537962913513,0.899520899055933,0.00233700135592257,2.31169167994156,2.39037626236677,1.13472526923904,0.00294807435335235,148151
2021,"Southern","129",3.47327521272598,3.77377212047577,1.61875098605392,0.00298227343025063,1.1763891838737,1.06089633703232,0.904247617812188,0.00166592247245055,2.29613957229252,2.37603574991226,1.11349808079033,0.00205143086835807,294622
2021,"Southern","145",3.56110829563195,3.84571647644043,1.54151739635424,0.0026380496426256,1.25025832742273,1.16640424728394,0.89342257418839,0.00152894356439019,2.31044802017767,2.3746645450592,1.0593000187463,0.0018128151148317,341453
2021,"Southern","161",3.59396832099684,3.89276123046875,1.59737609880244,0.00224548216040221,1.28804891945312,1.20714884996414,0.91667230842097,0.0012885952888848,2.30550681410047,2.3703385591507,1.07487427895241,0.00151098480806889,506052
2021,"Southern","177",3.7873795396801,4.07299280166626,1.56395229701293,0.00262141828465343,1.46436596138229,1.4421198964119,0.934502413784991,0.00156636600696043,2.32261307314999,2.37791365385055,1.01816077084948,0.00170658994300489,355938
2021,"Southern","193",3.67980947972535,3.98600935935974,1.63148462013731,0.00355230886263871,1.36640797946446,1.31080198287964,0.938320963883185,0.00204305074952003,2.3123901263788,2.38638651371002,1.07567354609196,0.002342115042903,210933
2021,"Southern","209",3.48483099488009,3.73664951324463,1.57279635349025,0.00232121589772378,1.19807717297239,1.09971702098846,0.885035840362394,0.00130618262062066,2.28599385551871,2.36664492636919,1.04871257712082,0.00154774539040208,459107
2021,"Southern","225",3.31582807149795,3.54180419445037,1.55471554913162,0.00202888382136088,1.06080630440236,0.928344070911407,0.836750295122689,0.00109194838711273,2.25383113310158,2.32697093486786,1.08367042931954,0.00141417599056087,587202
2021,"Southern","241",3.47069167287332,3.71156287193298,1.48601746550657,0.00258883738637711,1.18794293016993,1.10010719299316,0.86128717748803,0.00150047526172792,2.28236828244398,2.33978128433228,1.0097441023613,0.00175910670200342,329487
2021,"Southern","257",3.4182146227562,3.68872308731079,1.56592452903837,0.00318983789446504,1.10431148817994,0.971013426780701,0.880909288390149,0.00179444013909068,2.31347038278461,2.39092445373535,1.08874962956805,0.00221781750114973,240993
2021,"Southern","273",3.27742402163704,3.51721668243408,1.58422954069793,0.00243027731713834,1.0553811684374,0.918894708156586,0.854911750231865,0.00131147196878315,2.2182320525603,2.27151250839233,1.1052265010349,0.00169546573066803,424937
2021,"Southern","289",3.45857242291903,3.77263498306274,1.53426647775929,0.00455440413635875,1.16529169685711,1.08524060249329,0.867680688072605,0.00257567285219436,2.28770732089651,2.34200382232666,1.07111044355626,0.00317954534322754,113485
2021,"Southern","305",3.44105575060348,3.67017424106598,1.44716056957778,0.00393099241809962,1.10887262066177,1.01256722211838,0.81316249513199,0.00220883271023577,2.32822873631376,2.3650633096695,1.03382759777151,0.00280823602708277,135528
2021,"Southern","321",3.38079477709358,3.69491791725159,1.57601257911652,0.00509934970246117,1.01930948642471,0.870497405529022,0.851906490409583,0.00275643047901947,2.35926285568956,2.44501435756683,1.15897121437173,0.00374996976260212,95519
2021,"Southern","337",3.40440542578177,3.67845463752746,1.46443239606695,0.00533959646582562,1.03622261800056,0.900859087705612,0.839771832432745,0.00306196634313789,2.36654456795548,2.42999369092285,1.07902606672379,0.00393433236514434,75218
2021,"Southern","353",3.36692750494689,3.64236080646514,1.56262136630692,0.00691818296420838,1.01584651009566,0.870750904083252,0.842132761393407,0.00372836865608898,2.34890295686771,2.41574311256409,1.14593579283167,0.00507339375422797,51018
2021,NA,"1",3.36157522386978,3.73225688934326,1.76245198147511,0.107061333371771,0.92629422242459,0.741045653820038,0.758983173636286,0.0461049443788132,2.43528100144519,2.70971971750259,1.35619400181871,0.0823829186109143,271
2021,NA,"17",2.31752996483729,2.25428557395935,1.65181532645928,0.360455655599421,0.188247532927476,0.002044868422672,0.408411594996025,0.0891227166079492,2.12928243190981,2.22807335853577,1.50309761978613,0.328002791408472,21
2021,NA,"33",2.6007863018436,2.56177306175232,1.48754221502153,0.258947861926094,0.373481666358809,0.114070311188698,0.48461545356174,0.0843607221959351,2.2272705705272,2.35561037063599,1.28511160473427,0.223709215793606,33
2021,NA,"49",3.19389069429684,3.28572463989258,1.31137699969791,0.0793681465925783,0.834940079903237,0.662103831768036,0.668843100995468,0.0404802259758038,2.3589506143936,2.40871453285217,0.981924913211844,0.0594287992489232,273
2021,NA,"65",3.05366143709498,3.19258344173431,1.37596368059978,0.0737593954726284,0.756355262651167,0.69964149594307,0.614472201705451,0.0329391674878896,2.296489297037,2.33088433742523,1.06301204773792,0.0569834270531709,348
2021,NA,"81",2.27272418985978,2.39191198348999,1.42234021902454,0.264121947974584,0.711560881792985,0.167777374386787,0.87278857214803,0.162072769062095,1.56034709246636,1.50664849579334,1.02219904431261,0.189817597217889,29
2021,NA,"97",3.49455629668047,3.87384819984436,1.79308041405299,0.165770342920468,1.04495091564505,0.957595646381378,0.871679325834007,0.0805867821809331,2.44960538103543,2.73444366455078,1.29353437888243,0.119587295631694,117
2021,NA,"113",2.85997360790258,2.94428789615631,1.22820803288131,0.0941992560241066,0.306375496880055,0.0825719200074675,0.488060170477575,0.0374325063207179,2.55359811102252,2.58287099003792,1.14610864926848,0.0879025207404073,170
2021,NA,"129",3.18405160623101,3.47861015796661,1.1761673768493,0.0871833264368621,0.278443157979272,0.108145296573639,0.409425198201394,0.0303486148390619,2.90560844825174,3.14741812692955,1.08488390118045,0.0804169450406637,182
2021,NA,"145",2.77944245488977,2.86709189414978,1.82980035438544,0.139928330379316,0.73130568498691,0.316901385784149,0.90489763494295,0.0691992516660575,2.048040960752,2.1539306640625,1.27566645511491,0.0975526519914154,171
2021,NA,"161",3.13565798487231,3.40564823150635,1.34331199857817,0.102725635990314,0.665666719065293,0.468053460121155,0.63402559624977,0.0484851491521205,2.46999126580702,2.50710359215736,1.07362599784228,0.0821022320658333,171
2021,NA,"177",3.50044255428854,3.57631993293762,1.21185457344696,0.0650557620975063,1.33164606806124,1.43327248096466,0.971236975709546,0.0521387326635586,2.16867617417666,1.98860239982605,1.07642434233816,0.057785486365688,347
2021,NA,"193",3.29932365800018,3.52253448963165,1.37045871633793,0.11838960136071,0.711298617878373,0.674219161272049,0.570491196394139,0.0492829331637031,2.58703851386029,2.6818745136261,1.04456781011068,0.0902369149533283,134
2021,NA,"209",3.16461873641146,3.45929908752441,1.72411802216828,0.064523495322953,0.601636021839784,0.399479061365128,0.636195055297702,0.0238090015574238,2.56232087071621,2.8023197054863,1.37398470696692,0.0514200853270449,714
2021,NA,"225",2.51139098940546,2.64830148220063,1.64367918233312,0.0965201650261402,0.632884227193025,0.459523409605026,0.664303638132093,0.0390092528208344,1.87790498474918,1.92621234059334,1.20611502914245,0.0708255132173014,290
2021,NA,"241",2.74045587874913,2.99097156524658,1.46732496614284,0.0747818047921007,0.810588544024935,0.582124590873718,0.799882191439915,0.0407657712348326,1.92986733472419,1.99015760421753,1.09700098542552,0.0559083471226423,385
2021,NA,"257",3.44901435017898,3.865771651268,1.65170021156588,0.0920456541611763,1.00124150279314,0.7997907102108,0.870810965089596,0.0485283978116148,2.44767768526166,2.466512799263,1.17203921278263,0.0653151917567728,322
2021,NA,"273",2.65912033817417,2.75981426239013,1.71352567484793,0.11881162850939,0.553385970793338,0.358224779367447,0.590480565979772,0.0409424607270205,2.1033699680685,2.06188160460442,1.3395391755801,0.0928803304432076,208
2021,NA,"289",2.61354923900217,2.33919262886047,1.67390074297289,0.241606761138029,0.521104742287813,0.274975150823593,0.606716461837554,0.0875719781409223,2.0895879251766,1.97287344932556,1.35168152992922,0.19509842379082,48
2021,NA,"305",3.69365390995684,4.08448457717896,1.53518150382721,0.0919089125536017,0.918933174436441,0.829485297203064,0.775893047751344,0.046451501727285,2.77228091761602,2.99702501296997,1.19173309446725,0.0713471941223647,279
2021,NA,"321",3.26723795679247,3.53585290908813,1.49524734812775,0.087652951877242,0.912566396791633,0.837090909481049,0.716496333066432,0.0420017588936907,2.35333363266995,2.39430052042007,1.13666317082682,0.0666323751303549,291
2021,NA,"337",2.25808721522621,2.30861878395081,1.26167326014674,0.16711270571081,0.185535604142371,0.005834951065481,0.32657801191646,0.0432563143889325,2.07182234459508,2.22729121241719,1.10971257894393,0.146985021785333,57
2021,NA,"353",2.89401230798103,2.96985697746277,1.92918457312986,0.482296143282466,0.430079604964703,0.168699704110622,0.688342425521146,0.172085606380287,2.46023845183663,2.73587425798177,1.58675780880286,0.396689452200715,16
